id,moclients,moincome,tuclients,tuincome,weclients,weincome,thclients,thincome,frclients,frincome,saclients,saincome,suclients,suincome
1,0,0,0,0,0,0,0,0,0,0,0,0,0,0
2,0,0,0,0,0,0,0,0,0,0,0,0,0,0
3,0,0,0,0,0,0,0,0,0,0,0,0,0,0
4,0,0,0,0,0,0,0,0,0,0,0,0,0,0
5,0,0,0,0,0,0,0,0,0,0,0,0,0,0
6,0,0,0,0,0,0,0,0,0,0,0,0,0,0
7,0,0,0,0,0,0,0,0,0,0,0,0,0,0
8,0,0,0,0,0,0,0,0,0,0,0,0,0,0
9,0,0,0,0,0,0,0,0,0,0,0,0,0,0
10,50,8102328.088,24,143723.9412,23,396276.0865,51,11293394.27,0,0,2,252881.9643,20,127410.9586
11,0,0,0,0,0,0,0,0,0,0,0,0,0,0
12,0,0,0,0,0,0,0,0,0,0,0,0,0,0
13,0,0,0,0,0,0,0,0,0,0,0,0,0,0
14,0,0,0,0,0,0,0,0,0,0,0,0,0,0
15,0,0,0,0,0,0,0,0,0,0,0,0,0,0
16,0,0,0,0,0,0,0,0,0,0,0,0,0,0
17,0,0,0,0,0,0,0,0,0,0,0,0,0,0
18,0,0,0,0,0,0,0,0,0,0,0,0,0,0
19,0,0,0,0,0,0,0,0,0,0,0,0,0,0
20,0,0,0,0,0,0,0,0,0,0,0,0,0,0
21,0,0,0,0,0,0,0,0,0,0,0,0,0,0
22,0,0,0,0,0,0,0,0,0,0,0,0,0,0
23,0,0,0,0,0,0,0,0,0,0,0,0,0,0
24,0,0,0,0,0,0,0,0,0,0,0,0,0,0
25,0,0,0,0,0,0,0,0,0,0,0,0,0,0
26,0,0,0,0,0,0,0,0,0,0,0,0,0,0
27,0,0,0,0,0,0,0,0,0,0,0,0,0,0
28,0,0,0,0,0,0,0,0,0,0,0,0,0,0
29,0,0,0,0,0,0,0,0,0,0,0,0,0,0
30,0,0,0,0,0,0,0,0,0,0,0,0,0,0
31,0,0,0,0,0,0,0,0,0,0,0,0,0,0
32,0,0,0,0,0,0,0,0,0,0,0,0,0,0
33,0,0,0,0,0,0,0,0,0,0,0,0,0,0
34,0,0,1,4330.476073,1,385876.7963,0,0,0,0,1,518837.7385,0,0
35,0,0,5,26831.92253,9,1350505.067,0,0,5,26450.6408,9,1368092.953,1,3414.13208
36,0,0,6,66548.03788,12,2421427.956,0,0,1,4046.952233,12,6763600.96,6,57339.44983
37,0,0,0,0,0,0,0,0,0,0,0,0,0,0
38,0,0,0,0,0,0,0,0,0,0,0,0,0,0
39,0,0,0,0,0,0,0,0,0,0,0,0,0,0
40,0,0,0,0,0,0,0,0,0,0,0,0,0,0
41,0,0,0,0,0,0,0,0,0,0,0,0,0,0
42,0,0,0,0,0,0,0,0,0,0,0,0,0,0
43,0,0,0,0,0,0,0,0,0,0,0,0,0,0
44,0,0,0,0,0,0,0,0,0,0,0,0,0,0
45,0,0,0,0,0,0,0,0,0,0,0,0,0,0
46,0,0,0,0,0,0,0,0,0,0,0,0,0,0
47,0,0,0,0,0,0,0,0,0,0,0,0,0,0
48,0,0,0,0,0,0,0,0,0,0,0,0,0,0
49,0,0,0,0,0,0,0,0,0,0,0,0,0,0
50,0,0,0,0,0,0,0,0,0,0,0,0,0,0
51,0,0,0,0,0,0,0,0,0,0,0,0,0,0
52,0,0,0,0,0,0,0,0,0,0,0,0,0,0
53,0,0,0,0,0,0,0,0,0,0,0,0,0,0
54,0,0,0,0,0,0,0,0,0,0,0,0,0,0
55,0,0,0,0,0,0,0,0,0,0,0,0,0,0
56,2,193163.305,6,38770.92523,13,2817776.938,2,343480.712,0,0,11,4923228.353,9,183340.6528
57,27,5065089.005,46,899627.3323,96,15960550.9,28,7757293.29,16,400339.2335,76,22694798.36,44,275539.8498
58,48,15053341.39,20,1033737.217,43,6545777.593,46,9232499.678,12,2111958.835,30,9398093.193,30,297725.0323
59,8,4297412.503,3,33031.77603,11,1345186.212,9,1927162.91,1,13475.65134,7,1979481.444,8,100418.3027
60,0,0,0,0,0,0,0,0,0,0,0,0,0,0
61,0,0,0,0,0,0,0,0,0,0,0,0,0,0
62,0,0,0,0,0,0,0,0,0,0,0,0,0,0
63,0,0,0,0,0,0,0,0,0,0,0,0,0,0
64,0,0,0,0,0,0,0,0,0,0,0,0,0,0
65,0,0,0,0,0,0,0,0,0,0,0,0,0,0
66,0,0,0,0,0,0,0,0,0,0,0,0,0,0
67,0,0,0,0,0,0,0,0,0,0,0,0,0,0
68,0,0,0,0,0,0,0,0,0,0,0,0,0,0
69,0,0,0,0,0,0,0,0,0,0,0,0,0,0
70,0,0,0,0,0,0,0,0,0,0,0,0,0,0
71,0,0,0,0,0,0,0,0,0,0,0,0,0,0
72,0,0,0,0,0,0,0,0,0,0,0,0,0,0
73,0,0,0,0,0,0,0,0,0,0,0,0,0,0
74,0,0,0,0,0,0,0,0,0,0,0,0,0,0
75,0,0,0,0,0,0,0,0,0,0,0,0,0,0
76,0,0,0,0,0,0,0,0,0,0,0,0,0,0
77,0,0,0,0,0,0,0,0,0,0,0,0,0,0
78,0,0,0,0,0,0,0,0,0,0,0,0,0,0
79,18,2203739.2,5,1318693.783,5,234128.3495,17,2955433.498,4,2270846.94,3,241799.519,7,35004.8264
80,96,12235507.79,72,13634232.43,29,718313.9455,94,18480155.23,68,20739470.27,2,387832.8578,24,156696.751
81,101,26422603.78,82,15539118.05,44,1238962.67,104,15477290.03,78,20371719.1,25,1308547.838,34,259406.2655
82,42,9312371.11,27,10214550.62,13,65984.18235,44,5281871.115,27,6769251.875,3,39361.70485,12,83213.14325
83,43,10104114.45,4,795721.3283,32,392733.7983,45,10469245.36,10,798131.5073,1,119686.397,20,171144.146
84,5,661618.572,1,21503.51083,1,14802.43561,5,968520.0883,2,33856.1541,0,0,1,2360
85,0,0,0,0,0,0,0,0,0,0,0,0,0,0
86,0,0,0,0,0,0,0,0,0,0,0,0,0,0
87,0,0,0,0,0,0,0,0,0,0,0,0,0,0
88,0,0,0,0,0,0,0,0,0,0,0,0,0,0
89,0,0,0,0,0,0,0,0,0,0,0,0,0,0
90,0,0,0,0,0,0,0,0,0,0,0,0,0,0
91,0,0,0,0,0,0,0,0,0,0,0,0,0,0
92,0,0,0,0,0,0,0,0,0,0,0,0,0,0
93,0,0,0,0,0,0,0,0,0,0,0,0,0,0
94,0,0,0,0,0,0,0,0,0,0,0,0,0,0
95,0,0,0,0,0,0,0,0,0,0,0,0,0,0
96,0,0,0,0,0,0,0,0,0,0,0,0,0,0
97,0,0,0,0,0,0,0,0,0,0,0,0,0,0
98,0,0,0,0,0,0,0,0,0,0,0,0,0,0
99,0,0,0,0,0,0,0,0,0,0,0,0,0,0
100,0,0,0,0,0,0,0,0,0,0,0,0,0,0
101,0,0,0,0,0,0,0,0,0,0,0,0,0,0
102,2,177568.6478,11,761882.816,18,6105191.983,6,143401.8435,7,1192279.095,19,4234977.595,9,64542.07863
103,89,16037785.72,114,10147466.07,151,36243305.35,82,17799086.56,69,10338946.74,128,23655059.7,69,504603.9578
104,60,6814114.158,53,15310397.11,26,661741.8293,50,6863353.66,51,10404366.51,17,1130382.944,19,131792.3211
105,14,600071.3635,16,6768153.238,4,32152.38405,16,974120.5945,17,3501380.93,11,81545.40695,2,9184.757545
106,19,3345059.738,0,0,7,96385.18525,19,3886501,1,1388.934824,1,27962.05708,10,33487.51648
107,0,0,0,0,0,0,0,0,0,0,0,0,0,0
108,0,0,0,0,0,0,0,0,0,0,0,0,0,0
109,0,0,0,0,0,0,0,0,0,0,0,0,0,0
110,0,0,0,0,0,0,0,0,0,0,0,0,0,0
111,0,0,0,0,0,0,0,0,0,0,0,0,0,0
112,0,0,0,0,0,0,0,0,0,0,0,0,0,0
113,0,0,0,0,0,0,0,0,0,0,0,0,0,0
114,0,0,0,0,0,0,0,0,0,0,0,0,0,0
115,0,0,0,0,0,0,0,0,0,0,0,0,0,0
116,0,0,0,0,0,0,0,0,0,0,0,0,0,0
117,0,0,0,0,0,0,0,0,0,0,0,0,0,0
118,0,0,0,0,0,0,0,0,0,0,0,0,0,0
119,0,0,0,0,0,0,0,0,0,0,0,0,0,0
120,0,0,0,0,0,0,0,0,0,0,0,0,0,0
121,0,0,0,0,0,0,0,0,0,0,0,0,0,0
122,0,0,0,0,0,0,0,0,0,0,0,0,0,0
123,0,0,0,0,0,0,0,0,0,0,0,0,0,0
124,0,0,0,0,0,0,0,0,0,0,0,0,0,0
125,64,8022938.923,82,11582879.42,45,7060243.68,75,7072792.155,68,13794205.79,35,4817339.91,21,113586.0448
126,129,20968638.78,112,16631699.54,61,1540686.55,131,18091097.67,102,19460277.48,25,1132349.992,39,202196.9034
127,3,520632.1608,0,0,2,12397.12223,3,458601.7428,0,0,0,0,0,0
128,10,1497712.072,0,0,5,22941.34239,10,2593610.423,0,0,0,0,5,24578.03827
129,79,15075961.57,23,3603628.663,44,902651.1488,75,21365113.52,13,5906183.3,1,205693.7346,35,210499.8336
130,0,0,0,0,0,0,0,0,0,0,0,0,0,0
131,0,0,0,0,0,0,0,0,0,0,0,0,0,0
132,0,0,0,0,0,0,0,0,0,0,0,0,0,0
133,0,0,0,0,0,0,0,0,0,0,0,0,0,0
134,0,0,0,0,0,0,0,0,0,0,0,0,0,0
135,0,0,0,0,0,0,0,0,0,0,0,0,0,0
136,0,0,0,0,0,0,0,0,0,0,0,0,0,0
137,0,0,0,0,0,0,0,0,0,0,0,0,0,0
138,0,0,0,0,0,0,0,0,0,0,0,0,0,0
139,0,0,0,0,0,0,0,0,0,0,0,0,0,0
140,0,0,0,0,0,0,0,0,0,0,0,0,0,0
141,0,0,0,0,0,0,0,0,0,0,0,0,0,0
142,0,0,0,0,0,0,0,0,0,0,0,0,0,0
143,0,0,0,0,0,0,0,0,0,0,0,0,0,0
144,0,0,0,0,0,0,0,0,0,0,0,0,0,0
145,0,0,1,72231.61268,1,4429.486978,0,0,1,67852.92728,0,0,0,0
146,5,23981.88828,8,1235337.152,3,8544.909885,2,8693.125218,8,1294514.435,0,0,0,0
147,0,0,0,0,0,0,0,0,0,0,0,0,0,0
148,28,4758200.493,0,0,12,127069.7596,29,5121940.958,1,1372.75,1,111904.0903,10,56499.16715
149,77,13281814.68,16,1210479.503,49,2943258.475,79,14386997.23,10,611680.5428,13,2914620.59,36,219463.0635
150,1,233415.0183,1,7603.296323,3,148548.0163,1,454310.6263,0,0,2,130876.2441,2,9029.487373
151,6,41469.7993,7,1942370.417,2,15739.22396,2,12749.9309,7,1819847.017,1,5598.345225,0,0
152,55,571101.6165,99,20435844.85,20,1697537.243,52,1512270.897,99,27705917.93,29,945692.4133,0,0
153,3,16863.06793,3,476647.0085,3,671849.3195,1,8038.781728,2,561225.5775,2,805644.7738,1,5961.79764
154,0,0,0,0,0,0,0,0,0,0,0,0,0,0
155,0,0,0,0,0,0,0,0,0,0,0,0,0,0
156,0,0,0,0,0,0,0,0,0,0,0,0,0,0
157,0,0,0,0,0,0,0,0,0,0,0,0,0,0
158,0,0,0,0,0,0,0,0,0,0,0,0,0,0
159,0,0,0,0,0,0,0,0,0,0,0,0,0,0
160,0,0,0,0,0,0,0,0,0,0,0,0,0,0
161,0,0,0,0,0,0,0,0,0,0,0,0,0,0
162,0,0,0,0,0,0,0,0,0,0,0,0,0,0
163,0,0,0,0,0,0,0,0,0,0,0,0,0,0
164,0,0,0,0,0,0,0,0,0,0,0,0,0,0
165,0,0,0,0,0,0,0,0,0,0,0,0,0,0
166,0,0,0,0,0,0,0,0,0,0,0,0,0,0
167,3,576353.8228,0,0,0,0,3,689489.7738,0,0,0,0,2,8050.236978
168,42,5658059.123,24,3784732.873,27,762777.668,39,6453972.58,23,4005622.098,3,299852.7603,21,122905.8389
169,25,275857.8363,94,16409772.67,71,8324668.565,33,1437179.793,88,18776449.65,60,8165776.183,8,43312.15835
170,18,2135126.048,21,3917190.025,18,2758002.373,18,2806035.505,18,5808079.705,10,2414973.367,13,47575.29523
171,0,0,0,0,0,0,0,0,0,0,0,0,0,0
172,43,5475652.173,71,1694599.572,123,27727045.08,28,5317900.433,12,947153.019,110,38771835.3,79,1469049.552
173,18,603883.8395,33,7658741.238,8,1053279.644,19,676411.9183,30,6483721.588,6,1094277.434,5,56294.57335
174,19,6929073.188,0,0,13,126149.882,19,4910176.923,0,0,1,36156.42283,4,42226.14688
175,117,21260240.21,94,9803044.645,137,19026986.21,109,17619417.27,66,9219161.04,89,18942493.87,74,420787.949
176,12,1238479.536,21,758200.8823,37,7432803.673,8,1085770.77,10,603454.7608,36,9930657.103,18,67130.41465
177,0,0,0,0,0,0,0,0,0,0,0,0,0,0
178,0,0,0,0,0,0,0,0,0,0,0,0,0,0
179,0,0,0,0,0,0,0,0,0,0,0,0,0,0
180,0,0,0,0,0,0,0,0,0,0,0,0,0,0
181,0,0,0,0,0,0,0,0,0,0,0,0,0,0
182,0,0,0,0,0,0,0,0,0,0,0,0,0,0
183,0,0,0,0,0,0,0,0,0,0,0,0,0,0
184,0,0,0,0,0,0,0,0,0,0,0,0,0,0
185,0,0,0,0,0,0,0,0,0,0,0,0,0,0
186,0,0,0,0,0,0,0,0,0,0,0,0,0,0
187,0,0,0,0,0,0,0,0,0,0,0,0,0,0
188,0,0,0,0,0,0,0,0,0,0,0,0,0,0
189,0,0,0,0,0,0,0,0,0,0,0,0,0,0
190,59,11358550.88,3,1076285.87,22,1114729.982,59,16666791.74,28,3152448.93,3,600725.2735,27,158959.8668
191,29,5165342.853,48,2158299.171,85,24648660.26,47,6267879.478,33,2182354.52,72,19993757.04,44,338747.9588
192,28,2736604.903,84,3519907.155,162,36958135,17,4433053.588,47,5047209.543,159,42207892.25,48,476379.3298
193,5,197989.6988,14,249134.7536,34,6221651.35,2,155835.15,7,35525.32305,33,9575723.128,12,95953.7275
194,1,8990.51657,1,9530.999423,1,509945.3833,0,0,0,0,1,469957.6043,0,0
195,74,12875978.17,105,8806792.678,77,18104410.77,80,21430652.62,67,13336945.73,45,9687750.78,57,398390.1345
196,62,2267205.593,149,31634289.63,99,30017121.63,81,2398026.591,134,25133093.68,103,22081639.21,43,261741.3828
197,133,19231071.4,112,21305319.02,124,13485310.33,141,18908562.45,102,17551092.7,70,9663228.385,91,728650.2988
198,161,18659011.15,164,32004642.55,107,2571180.448,171,21649773.78,147,38907946.1,32,1496528.174,52,363286.3953
199,24,229679.9881,51,9559375.438,24,1569425.325,28,304084.9928,50,14683695.1,8,2092573.878,1,2276.938629
200,0,0,0,0,0,0,0,0,0,0,0,0,0,0
201,0,0,0,0,0,0,0,0,0,0,0,0,0,0
202,0,0,0,0,0,0,0,0,0,0,0,0,0,0
203,0,0,0,0,0,0,0,0,0,0,0,0,0,0
204,0,0,0,0,0,0,0,0,0,0,0,0,0,0
205,0,0,0,0,0,0,0,0,0,0,0,0,0,0
206,0,0,0,0,0,0,0,0,0,0,0,0,0,0
207,0,0,0,0,0,0,0,0,0,0,0,0,0,0
208,0,0,0,0,0,0,0,0,0,0,0,0,0,0
209,0,0,0,0,0,0,0,0,0,0,0,0,0,0
210,0,0,0,0,0,0,0,0,0,0,0,0,0,0
211,0,0,0,0,0,0,0,0,0,0,0,0,0,0
212,0,0,0,0,0,0,0,0,0,0,0,0,0,0
213,16,3551220.343,1,3503.736978,4,15452.91013,16,4672317.013,9,135258.9394,0,0,7,60422.55658
214,33,2538888.21,40,5483447.26,53,12009538.39,42,1811748.536,28,4209454.47,51,8474744.063,25,125601.294
215,129,19094410.95,89,18360552.97,121,9092094.835,128,17827305.99,90,16211894.78,78,8027229.955,50,279693.9725
216,19,1613255.216,54,5721077.428,58,9673826.078,49,1403861.055,44,5091904.423,54,13788569.22,19,135702.6173
217,75,15587649.94,24,4025612.513,36,1900058.605,74,11626230.34,33,4603246.848,12,1793328.244,25,153352.7547
218,85,9415616.943,99,16455782.55,72,755827.023,137,24631933.04,115,25553685.85,21,538588.6908,22,222901.8019
219,74,13157134.69,2,632349.382,37,898626.567,76,20012778.76,33,921650.401,2,377659.099,34,201581.4488
220,33,6740457.348,121,3232962.745,224,48865682.45,48,4293148.775,54,2698613.643,213,46357351.68,108,800486.157
221,101,2025016.407,197,43430109.43,95,12369083.98,93,2532709.8,183,33650272,70,12404208.04,20,349792.434
222,15,2464646.274,28,4323942.59,6,229088.8172,24,2505937.458,18,5976646.183,3,260584.0183,8,34544.50378
223,4,1090405.614,1,397027.877,3,21902.04633,5,1887519.319,1,678042.1735,0,0,0,0
224,0,0,0,0,0,0,0,0,0,0,0,0,0,0
225,0,0,0,0,0,0,0,0,0,0,0,0,0,0
226,0,0,0,0,0,0,0,0,0,0,0,0,0,0
227,0,0,0,0,0,0,0,0,0,0,0,0,0,0
228,0,0,0,0,0,0,0,0,0,0,0,0,0,0
229,0,0,0,0,0,0,0,0,0,0,0,0,0,0
230,0,0,0,0,0,0,0,0,0,0,0,0,0,0
231,0,0,0,0,0,0,0,0,0,0,0,0,0,0
232,0,0,0,0,0,0,0,0,0,0,0,0,0,0
233,0,0,0,0,0,0,0,0,0,0,0,0,0,0
234,0,0,0,0,0,0,0,0,0,0,0,0,0,0
235,14,484280.7978,53,7636698.84,44,6094429.245,22,662147.7598,44,10609092.64,29,9068402.075,17,254703.7425
236,20,3889234.833,62,4089910.493,90,16912164.72,17,5131964.288,37,6139415.128,77,19533712.21,42,381047.307
237,111,15131215.66,115,36830138.38,81,2440544.018,115,13184589.43,115,26210758.43,35,1631801.872,38,252053.4533
238,43,5108280.793,87,19398958.16,112,21792216.29,39,5968493.405,72,9980861.133,98,15941037.1,32,181956.4923
239,121,14734691.37,115,30831956.7,66,1268994.538,116,11433921.75,119,22852933.65,9,141150.1285,33,287076.3775
240,80,14028037.09,74,8595717.845,108,22507939.41,81,13507884,42,5179092.088,54,11476959.75,47,292123.5615
241,84,18527632.29,37,3886814.43,82,8489427.938,87,20630405.41,37,4967970.97,44,5346900.085,50,933078.8443
242,150,34577931.2,15,1994433.868,89,1521225.979,153,44540541.45,8,1210349.796,12,60821.5634,78,611243.4988
243,104,20740907.99,65,4999370.17,144,21405594.6,111,18704304.25,27,5007966.168,99,18699262.05,76,512213.9843
244,40,1014661.417,169,14078358.63,173,47738773,34,2418087.207,96,16307856.55,188,30737968.28,84,409493.7755
245,47,6067277.185,86,14804377.35,19,1808679.976,73,6588320.205,83,21618111.34,16,685208.8758,9,46857.08648
246,30,5314346.993,0,0,20,114965.8062,30,7294434.99,0,0,0,0,8,41535.1121
247,0,0,0,0,0,0,0,0,0,0,0,0,0,0
248,0,0,0,0,0,0,0,0,0,0,0,0,0,0
249,0,0,0,0,0,0,0,0,0,0,0,0,0,0
250,0,0,0,0,0,0,0,0,0,0,0,0,0,0
251,0,0,0,0,0,0,0,0,0,0,0,0,0,0
252,0,0,0,0,0,0,0,0,0,0,0,0,0,0
253,0,0,1,362015.1223,0,0,1,4128.66094,1,245848.0332,1,2442.25,0,0
254,0,0,0,0,0,0,0,0,0,0,0,0,0,0
255,0,0,0,0,0,0,0,0,0,0,0,0,0,0
256,0,0,0,0,0,0,0,0,0,0,0,0,0,0
257,2,921394.2745,13,243625.7289,23,4334539.46,3,2289846.152,3,211727.9756,21,10595998.63,11,155878.1315
258,68,11994077.95,34,6839258.88,53,3255982.095,62,20766049.16,30,9938608.043,22,6030271.075,30,290365.5665
259,78,12306149.29,100,19279374.08,109,19858140.87,83,14507586.1,74,20362242,91,16218385.37,52,345785.4313
260,99,18411505.49,78,11837522.83,85,7122480.475,96,19483943.62,70,12944832.89,43,7146991.91,43,249313.8819
261,7,199235.6215,31,1201154.839,53,10559426.96,6,599224.4903,19,1213187.156,52,10299951.96,12,185600.4133
262,15,167517.1347,26,599572.4025,36,13482281.15,1,5985.80424,18,425563.5038,36,9902548.205,17,131650.4327
263,119,29310471.85,40,3749232.98,90,14702261.43,117,20107940.83,19,2265175.119,45,11333547.82,48,292928.9938
264,123,27639100.05,60,16678756.21,68,3121555.898,130,22237345.96,73,18294101.7,28,8090043.353,63,317166.0435
265,53,2294024.671,97,21672678.79,49,953992.319,59,9817195.305,98,30447432.53,2,461177.5883,3,9667.179768
266,34,2407646.7,77,19291162.51,95,19412786.94,81,18709064.08,64,14269143.75,43,6812340.43,13,51040.8369
267,67,4367434.658,92,13858208.62,48,11257353.17,56,6344665.795,76,12997455.99,38,6469453.118,22,111871.707
268,104,24211937.45,40,1283800.123,67,7072599.675,109,22332298.66,35,1163576.43,23,8710087.093,52,367755.769
269,7,830491.042,16,425236.0353,34,6843361.868,14,1472775.906,8,213217.6015,30,6718433.87,7,39329.18628
270,0,0,0,0,0,0,0,0,0,0,0,0,0,0
271,0,0,0,0,0,0,0,0,0,0,0,0,0,0
272,0,0,0,0,0,0,0,0,0,0,0,0,0,0
273,0,0,0,0,0,0,0,0,0,0,0,0,0,0
274,0,0,0,0,0,0,0,0,0,0,0,0,0,0
275,0,0,0,0,0,0,0,0,0,0,0,0,0,0
276,0,0,0,0,0,0,0,0,0,0,0,0,0,0
277,0,0,0,0,0,0,0,0,0,0,0,0,0,0
278,0,0,0,0,0,0,0,0,0,0,0,0,0,0
279,0,0,0,0,0,0,0,0,0,0,0,0,0,0
280,2,606086.1015,12,76353.47753,16,4292604.043,2,418417.5588,3,6529.448388,14,5743290.328,11,77317.722
281,70,7960869.318,76,27101079.98,28,3684918.308,61,7002124.788,75,24324407.42,40,3204989.365,11,80881.21643
282,16,4270403.55,25,2058058.13,29,7361866.393,19,4807977.865,19,2497966.315,27,5865400.825,21,131047.0023
283,35,4470506.458,41,8482902.858,18,470952.5575,37,3905283.823,43,10785571.16,10,269160.2718,10,77288.53663
284,19,2645101.01,65,2180923.908,115,22551999.89,18,2572885.205,16,1818552.081,112,21662582.65,44,463720.4788
285,92,25746133,62,4449632.378,132,29294092.25,87,20466124.49,24,4517025.063,89,20323281.54,66,433564.7973
286,32,6037559.465,68,1159146.424,137,24607408.16,30,7069358.738,31,1078267.423,130,28675298.75,62,347266.0178
287,34,937687.196,69,11858193.75,35,5894303.235,52,903794.8408,112,25558920.43,106,15988861.05,21,103194.0752
288,53,6542459.153,76,14583999.82,96,12730244.49,62,11597440.41,36,3729350.228,69,13854130.39,27,120540.1509
289,57,14852043.26,36,1116562.159,89,29303065.93,48,17633939.75,27,5421645.338,5,585089.6713,37,279755.0675
290,80,9397929.095,169,34286026.88,80,13454040.47,58,2685867.868,115,24043147.9,42,4674119.545,10,75127.47693
291,132,27446017.25,109,34972462.35,88,11823537.54,113,19523852.94,27,8207253.013,35,12568380.2,62,395644.3143
292,46,8913900.875,46,9731117.758,67,12829171.38,35,5156544.115,43,8670505.685,58,17199676.99,33,283454.286
293,2,22256.04499,2,560029.113,0,0,1,5764.488573,2,593349.1463,0,0,0,0
294,0,0,0,0,0,0,0,0,0,0,0,0,0,0
295,0,0,0,0,0,0,0,0,0,0,0,0,0,0
296,0,0,0,0,0,0,0,0,0,0,0,0,0,0
297,0,0,0,0,0,0,0,0,0,0,0,0,0,0
298,0,0,0,0,0,0,0,0,0,0,0,0,0,0
299,0,0,0,0,0,0,0,0,0,0,0,0,0,0
300,0,0,0,0,0,0,0,0,0,0,0,0,0,0
301,0,0,0,0,0,0,0,0,0,0,0,0,0,0
302,3,18751.93499,4,1073274.648,1,9510.000505,4,30660.27228,4,1263858.864,0,0,0,0
303,69,26614785.75,16,5491103.523,54,8091587.778,63,20517624.23,15,5933184.883,26,6864120.64,48,432158.1313
304,44,11665188.01,23,6097297.72,22,3772350.02,26,7364749.093,20,5080684.153,14,4192877.553,24,207949.4698
305,95,21807447.27,8,2449112.845,52,1719079.758,97,23286517.71,30,2758485.485,6,1171447.568,48,346673.3703
306,93,19917820.71,36,4779888.768,39,810563.0485,91,23530066.42,33,5937819.593,3,502400.8053,43,301973.564
307,58,6868081.298,122,32737726.8,63,11841492.14,71,6231699.895,119,26870036.18,22,7685505.143,12,122259.1052
308,50,18352789.77,63,21262182.27,28,17784637.08,55,29587919.65,62,36027749.85,7,18564773.12,8,37551.06248
309,56,7017474.565,55,10654493.68,43,6632920.245,62,6253749.008,52,10021710.15,29,6356553.358,23,186194.4071
310,52,585948.3483,108,25971129.48,34,4010169.635,51,366215.137,103,21515898.2,28,2518214.5,6,33704.6195
311,86,6960815.44,78,20762702.1,42,442721.9058,58,5648702.21,74,15775176.56,30,2708966.46,22,113479.3087
312,65,13945953.8,19,7080982.58,33,3821963.18,105,12308584.37,143,42267728.9,70,8171538.373,39,252943.4498
313,182,21754805.72,176,34867443.38,137,18326248.47,196,22454115.81,182,44618344.8,88,15551535.8,89,2576206.745
314,175,28293127.33,195,46686767.55,135,22221288.23,114,17429779.55,114,30215131.78,90,23209216.12,74,1184308.902
315,189,38416963.03,135,31585401.9,71,5519862.408,89,3179971.635,126,39067625.33,41,5890604.905,64,617796.4655
316,6,2016415.539,4,206806.9223,3,460426.6153,0,0,2,299597.6488,4,852556.199,4,74521.6826
317,0,0,0,0,0,0,0,0,0,0,0,0,0,0
318,0,0,0,0,0,0,0,0,0,0,0,0,0,0
319,0,0,0,0,0,0,0,0,0,0,0,0,0,0
320,0,0,0,0,0,0,0,0,0,0,0,0,0,0
321,0,0,0,0,0,0,0,0,0,0,0,0,0,0
322,0,0,0,0,0,0,0,0,0,0,0,0,0,0
323,18,4505029.363,2,612400.395,13,87718.96838,18,5884045.323,6,1036592.949,0,0,5,37608.17183
324,81,29105426.03,89,39255336.2,65,40868139.23,95,36229120.53,86,59747429.63,28,16570576.02,21,263217.19
325,64,1170617.691,154,23862162.98,125,23005427.78,63,1313429.756,125,27584975.25,109,26741758.93,48,346153.6008
326,95,23051711.93,56,8946013.943,67,4215770.458,100,23183263.33,46,11777666.76,16,8231528.378,43,393010.6353
327,73,16547743.33,18,846552.7013,38,1192430.05,71,16105336.2,16,1567466.55,4,974856.2955,44,552436.4213
328,94,25744816.2,3,600721.8863,59,431947.621,95,31201562.75,9,604708.751,0,0,41,307953.66
329,62,14364309.6,23,5290824.86,41,3159447.53,63,18646886.45,23,5331281.178,11,1698456.736,31,173482.8924
330,74,18566890.46,60,15185603.37,84,15368574.66,72,14955846.17,62,22868982.3,57,17644179,41,253145.7103
331,37,5272866.36,103,13979899.14,88,21583637.53,40,2870238.04,89,19288783.39,114,18306229.32,44,366607.1575
332,7,1282009.352,62,4345143.505,152,40779755.35,44,1501878.487,39,5110744.245,158,30488403.05,79,427530.3068
333,42,6182942.285,38,915327.452,91,25372690.35,36,6417315.48,19,727374.7725,74,18135894.07,47,333359.778
334,51,5099446.023,35,4254720.8,76,14296872.18,39,5955664.643,33,4340429.12,110,25182792.65,42,234286.2652
335,112,20947914.65,36,12842428.12,35,1320880.54,103,19176839.06,70,13429978.53,75,17828728.22,78,513569.9133
336,116,23212195.64,144,49133763.5,45,24352558.77,69,26386082.95,44,54777972.08,19,59503821.53,22,119424.4111
337,68,15764538.24,115,38121938.63,154,47557742.45,88,55497089.9,79,44779406.03,129,79243736.2,76,1144672.761
338,118,33254148.38,121,35034537.5,168,24566534.04,143,37814409.33,58,8388589.5,62,18099054.71,61,507475.2085
339,37,14804861.21,10,5065271.34,27,2616136.15,34,11238228.22,3,3927075.025,5,1063417.294,22,160125.0996
340,0,0,0,0,0,0,0,0,0,0,0,0,0,0
341,0,0,0,0,0,0,0,0,0,0,0,0,0,0
342,0,0,0,0,0,0,0,0,0,0,0,0,0,0
343,0,0,0,0,0,0,0,0,0,0,0,0,0,0
344,0,0,0,0,0,0,0,0,0,0,0,0,0,0
345,12,2154807.036,9,49932.14413,17,3254869.393,25,2905949.168,3,11999.54461,15,4325623.543,12,176496.5724
346,84,21472350.71,17,1837277.964,59,4223082.758,101,32167868.4,12,1760279.634,23,5482609.985,47,360149.7943
347,10,1215586.223,92,9781641.643,136,35832938.65,40,1322576.948,63,7414588.203,134,40146985.78,79,554317.643
348,36,8028476.69,75,12132034.29,116,32137612.45,35,6982527.75,25,1583981.132,110,21995384.13,61,377275.4345
349,117,26246539.85,105,32325821.83,77,8638266.05,121,25886582.28,96,32725140.35,24,5418804.53,49,355955.5473
350,126,36382922.1,114,29509148.4,116,18119646.78,140,28549844.93,87,22304490.01,58,18287600.6,83,982040.8205
351,36,633751.9283,95,19863904.35,69,13987373.71,60,1157306.584,83,24437140.04,70,16316127.39,34,298772.6143
352,26,6432280.543,55,21847385.48,26,10542066.72,28,2080639.838,51,21909365.02,17,6956729.04,10,514926.6153
353,82,26803529.65,101,39006900.2,38,6803367.3,77,10575864.1,99,35422780.18,4,12550606.9,16,75607.356
354,112,33119389.35,10,5779261.673,86,10694600.52,110,32827553.58,9,2441176.577,28,14077655.76,71,768448.984
355,26,5839470.943,31,1024377.228,87,15099305.36,41,4942357.165,19,1256652.134,75,12941409.67,47,276174.7433
356,96,18293508.77,46,1176412.892,57,4829616.315,94,18964601.67,6,1011109.573,18,5141994.518,54,356472.454
357,7,1070630.061,18,570376.5218,42,9078519.738,20,664481.1625,48,13962916.38,57,8606687.77,14,103955.0053
358,25,6635314.855,5,12006688.99,4,7664730.468,30,2644589.323,59,17077289.18,38,2823981.283,6,37643.8828
359,72,17298714.74,25,5894419.688,3,959452.0423,6,3026708.163,5,3718831.435,5,894969.4468,20,178031.7637
360,35,10715964.65,10,1420821.609,28,8256659.843,29,7947631.448,82,12325188.46,99,20488535.94,56,461402.4395
361,48,3617061.03,96,23831197.35,91,13233093.82,76,13779872.39,44,5261505.198,68,17665833.51,32,265475.2493
362,39,19315450.44,53,15623859.52,24,2739449.038,32,5805116.348,38,9435510.448,28,2498635.678,6,27235.09808
363,0,0,0,0,0,0,0,0,0,0,0,0,0,0
364,0,0,0,0,0,0,0,0,0,0,0,0,0,0
365,0,0,0,0,0,0,0,0,0,0,0,0,0,0
366,0,0,0,0,0,0,0,0,0,0,0,0,0,0
367,0,0,0,0,0,0,0,0,0,0,0,0,0,0
368,0,0,0,0,0,0,0,0,0,0,0,0,0,0
369,0,0,22,119799.6031,39,11353361.2,0,0,6,33407.08958,39,7503709.53,18,80906.72848
370,21,831759.9988,45,1059444.082,80,23241726.18,33,2744533.82,23,1656632.556,80,19936121.82,36,219009.8086
371,70,13675198.87,73,7789313.578,113,26271107.38,54,11377362.64,50,8488144.135,83,16070996.73,46,253945.1423
372,40,2720148.818,89,23067917.29,75,16311983.28,36,2901761.105,69,14932817.21,65,13261878.65,33,163548.6308
373,72,4360338.438,133,38232263.78,80,18870725.88,93,7171047.665,114,36260293.8,63,15393793.38,31,552593.6493
374,47,4140128.348,104,18027627.55,92,13448126.9,48,2826785.575,94,20778341.65,77,12117114.22,16,184540.994
375,61,8760344.833,69,12347360.43,74,16955100.57,56,11594777.31,78,14617567.88,48,8575362.355,43,351139.9745
376,102,14364060.13,43,9942031.21,37,1050326.039,96,19751295.44,42,9160297.26,16,1709063.734,43,218959.0927
377,65,30112334.73,13,2490032.486,54,18513564.35,65,14180748.25,5,4205248.203,19,5087489.048,39,182484.0729
378,29,8779437.825,73,2899129.455,144,29468809.83,63,8992643.925,28,1747086.303,130,30418584.28,48,346563.4295
379,71,1128952.327,134,20757655.64,77,12685051.57,76,2009285.555,126,22913577.49,96,10474195.16,17,88863.89608
380,23,568233.5433,44,7044750.865,37,3147945.005,35,649980.7555,56,11980187.43,51,4830893.255,12,61788.22113
381,9,1635535.746,1,48189.5277,2,8224.607863,14,403671.2195,23,4797515.175,29,5862591.603,9,56951.81245
382,49,20436849.58,14,9693034.605,9,5575997.163,8,13358863.24,18,7725647.403,10,2242665.005,15,125842.9412
383,18,17542840.24,11,2758784.198,19,3112031.228,46,7358040.163,95,13960722.72,87,10688873.33,22,179127.2241
384,60,22119016.3,65,7014013.91,59,12862632.84,50,6777551.638,88,13505146.77,101,20682550.08,60,465220.4215
385,94,20398310.25,84,5491307.848,39,12622347.74,10,179050.4434,29,4032554.198,43,9132835.24,57,515172.6213
386,0,0,0,0,0,0,0,0,0,0,0,0,0,0
387,0,0,0,0,0,0,0,0,0,0,0,0,0,0
388,0,0,0,0,0,0,0,0,0,0,0,0,0,0
389,0,0,0,0,0,0,0,0,0,0,0,0,0,0
390,0,0,0,0,0,0,0,0,0,0,0,0,0,0
391,0,0,0,0,0,0,0,0,0,0,0,0,0,0
392,44,13512739.75,1,1005090.236,25,174511.5228,44,11136542.64,4,470419.5968,1,550911.6718,19,169597.3337
393,76,22983960.35,63,12484994.56,58,6562586.12,68,18422301.17,52,11867442.58,23,5012786.925,37,265582.369
394,69,19297396.63,50,2134710.955,124,23995625.7,69,15215394.61,36,1632813.253,98,31276034,77,758966.5515
395,69,999434.7315,122,33388784.5,87,27864151.58,54,1169690.448,91,23241643.39,82,22779124.79,37,321178.7133
396,74,30731779.68,43,6620741.33,73,16831165.64,87,21758819.39,29,5523435.495,49,11272988.63,52,451849.7738
397,55,19423244.54,18,967502.3293,56,6183103.82,55,12843111.53,14,945633.1848,23,4824521.363,35,233122.6984
398,58,14253324.12,94,23283922.07,111,49842110.45,49,39783489.53,75,53298136.75,109,45945100.98,22,113803.3475
399,28,8041740.993,16,4426492.063,12,1633583.378,20,5913403.71,16,3260261.413,11,955183.4238,7,34904.70755
400,35,7828810.863,42,885818.9275,93,15900040.22,36,4498131.09,37,4074236.273,87,17561961.79,27,208791.5776
401,46,22853588.99,16,18144606.44,24,10529229.53,43,7680675.97,33,22665962.77,24,4584294.545,20,201073.3286
402,29,4562275.198,19,1397436.99,39,5783592.408,44,2124138.137,35,3021825.168,44,5616909.413,27,168573.558
403,0,0,3,34959.68105,4,2034645.484,1,18061.10645,5,29337.33755,35,7454802.913,11,44602.70105
404,0,0,1,2271.302166,2,558233.8473,0,0,6,24717.57833,39,12114843.26,20,96001.17488
405,1,10744492.91,3,187339.5531,13,754239.8073,36,18437322.73,3,11878848.96,9,2812265.713,4,18616.3759
406,8,254518.243,24,2576807.923,56,9088148.733,45,11682808.99,45,8221829.095,37,6941741.548,7,44732.98075
407,47,8686478.55,54,2646850.348,100,22687168.97,53,3010029.305,40,5601429.865,19,1533431.068,17,121779.4999
408,34,6731404.445,25,5222612.358,52,4575762.2,14,286271.0115,31,4781205.55,46,11533501.54,28,144364.7841
409,1,5530.927843,2,434747.5363,3,280866.1465,2,6972.031733,4,248395.4521,4,516463.3148,0,0
410,0,0,0,0,0,0,0,0,0,0,0,0,0,0
411,0,0,0,0,0,0,0,0,0,0,0,0,0,0
412,0,0,0,0,0,0,0,0,0,0,0,0,0,0
413,0,0,0,0,0,0,0,0,0,0,0,0,0,0
414,0,0,0,0,0,0,0,0,0,0,0,0,0,0
415,76,20077361.57,0,0,47,298911.1535,76,16104532.96,11,61344.63798,2,13957.36648,36,229915.3618
416,91,6142173.945,126,48514086.95,53,6363379.458,84,6009285.4,119,31335428.78,20,7844127.423,16,222069.5996
417,23,4880253.055,26,335429.963,46,13308588.11,23,4968446.203,9,250348.0328,35,17315073.55,14,152210.4199
418,41,6348917.43,32,7071999.29,21,6331890.063,37,8908185.875,24,8454599.725,16,6560253.27,18,148636.0393
419,67,8013278.71,83,11420474.58,98,29241893.98,88,10117181.79,61,9591944.478,92,17789606.84,57,313229.4235
420,83,1879210.568,129,34595951.93,53,17177368.84,70,2313829.929,110,25118356.15,54,15190054.84,23,201118.1434
421,15,238734.3622,54,9635908.298,40,9040211.438,6,207678.3809,49,13100708.78,29,11804298.14,14,67523.75635
422,30,1098130.98,72,19834802.36,36,10118301.19,7,851660.0498,59,5822371.73,69,14906773.85,11,53285.86125
423,12,646418.3038,22,5051676.413,0,0,3,477535.31,21,1343882.149,16,1255153.307,2,11139.20274
424,30,10604889.36,3,2951137.505,0,0,25,1996317.793,25,2567313.24,2,693650.3965,16,160679.3894
425,22,4251707.9,1,49679.02525,1,28444.9543,19,3057872.083,17,765730.5228,1,6799.080015,10,66733.43188
426,2,571712.0238,0,0,2,10991.48698,2,510175.734,1,801.75,4,363895.4318,4,20986.92849
427,2,461042.0713,2,8481.453913,3,1408360.283,2,264383.1093,4,29284.97895,18,8014442.898,5,44113.68333
428,0,0,0,0,6,235030.0589,6,4854035.033,2,51967.48265,5,1764541.722,4,31903.82288
429,5,617338.9995,15,553361.3285,37,6717319.223,29,7338932.908,3,491399.478,7,1445839.097,2,8261.397255
430,12,2061466.735,54,2453867.991,113,27087495.4,81,11001042.83,20,2960053.93,20,3107140.73,9,45416.43928
431,11,1427016.472,58,3934467.955,51,3760696.088,30,956698.8173,70,14323557.6,62,14378995.36,19,104074.7939
432,0,0,2,4952.405513,14,1173025.306,0,0,5,34213.76165,14,4510695.335,3,19328.69364
433,0,0,0,0,0,0,0,0,0,0,0,0,0,0
434,0,0,0,0,0,0,0,0,0,0,0,0,0,0
435,0,0,0,0,0,0,0,0,0,0,0,0,0,0
436,0,0,0,0,0,0,0,0,0,0,0,0,0,0
437,0,0,0,0,0,0,0,0,0,0,0,0,0,0
438,0,0,0,0,0,0,0,0,0,0,0,0,0,0
439,6,45380.84295,7,1543375.728,0,0,7,56703.91515,7,1606400.708,0,0,0,0
440,0,0,1,9430.666018,1,96881.8821,0,0,1,2643.79461,1,290535.916,0,0
441,85,10300191.71,57,12228444.24,32,175634.0451,68,17417895.51,57,28881391.38,4,15324.08644,28,122847.7177
442,135,33295869.83,36,4801809.155,73,3813761.85,139,46589775.85,9,4271596.603,10,1072779.972,66,587522.76
443,95,13217671.37,73,33176503.83,32,1111000.166,85,15791709.25,72,40817308.08,8,228470.3371,27,199150.6528
444,7,67196.6845,31,4292482.473,39,10440782.03,3,64980.12345,15,5167666.038,36,11718597.25,19,111801.8787
445,3,65145.1685,36,1824771.519,64,16926180.29,0,0,23,1083734.548,68,19812995.45,33,308561.64
446,14,1068487.08,53,8939553.368,49,13374401.83,13,858924.2723,45,3260249.15,71,11432839.51,18,84856.23898
447,9,3047154.01,4,3506306.943,3,1098682.57,7,1935426.286,8,3887962.048,3,6501534.688,1,1944.264286
448,8,3885860.17,5,63754400.45,9,14710303.45,9,12829683.93,4,55140073.3,5,1984863.671,3,22133.12093
449,0,0,1,22217.236,2,1114715.941,0,0,0,0,3,970479.778,2,27022.91603
450,7,668473.0813,15,4307629.293,2,6716.610918,9,681140.0215,18,4811922.913,8,1830703.135,3,35482.04278
451,14,1310699.003,36,7351138.33,11,305970.6828,39,8500133.585,45,8723222.793,17,221504.9783,5,34527.98508
452,17,461792.5475,34,10052355.25,21,3454097.833,12,596761.3175,27,5684678.91,21,1727033.765,3,24466.19836
453,13,14089479.45,52,19149091.46,99,25848918.63,20,1809960.831,17,3801128.06,18,3077021.653,5,38897.90455
454,8,1346478.611,45,3268011.933,40,5108521.055,22,9509605.05,55,15848602.68,35,11011113.07,10,36557.65318
455,4,433379.2553,5,409812.3595,40,2902760.31,4,531937.909,12,1237079.327,36,11910873.65,4,19163.35169
456,0,0,0,0,0,0,0,0,0,0,0,0,0,0
457,0,0,0,0,0,0,0,0,0,0,0,0,0,0
458,0,0,0,0,0,0,0,0,0,0,0,0,0,0
459,0,0,0,0,0,0,0,0,0,0,0,0,0,0
460,0,0,0,0,0,0,0,0,0,0,0,0,0,0
461,0,0,0,0,0,0,0,0,0,0,0,0,0,0
462,0,0,0,0,0,0,0,0,0,0,0,0,0,0
463,0,0,0,0,0,0,0,0,0,0,0,0,0,0
464,0,0,0,0,0,0,0,0,0,0,0,0,0,0
465,2,212815.4073,1,2873.762563,1,3534.226625,2,293726.929,0,0,0,0,1,2924.5
466,26,266268.7148,56,13979074.24,0,0,25,182500.5988,56,18375613.46,1,7713.194985,0,0
467,0,0,0,0,0,0,0,0,0,0,0,0,0,0
468,2,9935695.958,14,4418385.965,26,18348736.24,2,12182128.88,7,4843224.97,26,7658900.243,13,257748.0038
469,1,5060.436048,23,336991.6048,41,10393279.43,3,35926.93118,7,109018.4524,41,6742934.418,23,123179.6014
470,1,10177.25,1,315473.6855,0,0,1,4349,1,222385.8483,0,0,0,0
471,11,1077608.158,30,2164828.73,49,15203703.81,6,1000925.299,17,1974015.637,47,8990535.563,1,61213.74568
472,12,554538.6198,16,3713611.708,11,684755.839,12,275820.844,15,3373618.05,14,966012.5015,4,26377.98663
473,6,1470848.513,15,3277226.155,1,5570.705663,9,990631.3258,15,3035723.075,0,0,1,3821.5
474,3,731962.2118,8,2575449.323,1,7784,8,842004.7998,8,2058647.425,3,11519.21093,0,0
475,26,1347298.59,53,9243645.393,18,1176312.824,23,803919.71,54,7948858.645,18,695445.5133,3,17463.14287
476,17,692363.3968,57,9405086.75,107,15302051.78,28,2456879.2,41,4531916.533,100,15633566.76,22,156126.7767
477,7,3338038.905,61,3710155.28,70,9061840.38,33,6638968.16,54,9379235.9,69,8043694.925,11,44613.73895
478,6,265693.3355,27,2506400.943,11,1423663.718,12,435162.121,21,7557907.195,12,2897684.443,5,18958.2484
479,1,51404.1313,0,0,0,0,1,24854.96716,0,0,0,0,0,0
480,0,0,0,0,0,0,0,0,0,0,0,0,0,0
481,0,0,0,0,0,0,0,0,0,0,0,0,0,0
482,0,0,0,0,0,0,0,0,0,0,0,0,0,0
483,0,0,0,0,0,0,0,0,0,0,0,0,0,0
484,0,0,0,0,0,0,0,0,0,0,0,0,0,0
485,0,0,0,0,0,0,0,0,0,0,0,0,0,0
486,0,0,0,0,0,0,0,0,0,0,0,0,0,0
487,0,0,0,0,0,0,0,0,0,0,0,0,0,0
488,0,0,0,0,0,0,0,0,0,0,0,0,0,0
489,21,4470392.72,26,3043634.755,19,665523.33,23,3772434.183,17,2456824.42,10,483335.9368,11,80070.10545
490,32,9530026.513,42,5704429.155,18,167493.2252,35,9456464,21,4561966.503,0,0,16,182229.7397
491,25,342899.3233,45,13661815.24,21,576638.4795,17,563872.658,46,9348849.96,21,352840.0173,0,0
492,14,142730.5178,23,5248094.305,26,9991005.493,5,22432.97396,12,2303344.017,26,5435061.92,9,71609.2958
493,13,1412659.28,25,751938.873,37,17167690.81,4,943624.448,8,490585.696,36,7207687.605,20,95718.14843
494,14,275133.6433,19,658475.0093,28,13637830.88,18,205049.9186,4,615325.3003,27,5351402.198,9,47494.07788
495,10,318701.7838,17,5404189.53,8,993602.0998,10,413843.315,17,3807591.85,1,278179.135,0,0
496,14,1829814.625,0,0,3,9400.178793,14,1552726.672,0,0,0,0,3,9768.85223
497,6,1197191.924,2,5364.694838,4,13688.21926,6,986855.3363,4,45230.40003,0,0,3,15825.45867
498,94,21916004.78,3,16471129.27,44,3002933.37,93,17779387.02,39,1391796.257,5,3105944.533,33,193239.8317
499,57,4318442.675,87,16953864.77,33,4590262.973,40,6665726.213,83,16802702.86,14,2303520.715,12,62357.95878
500,23,269314.4615,87,14080904.03,30,771058.4375,18,418790.9278,83,10854003.13,7,209840.932,0,0
501,22,937588.596,39,15709785.57,26,2020652.478,5,699517.005,37,3085440.993,4,1001115.445,1,1985.551406
502,1,3066.75,11,726240.805,10,5432258.763,3,13079.28952,6,1099268.627,11,3337737.668,5,31515.21173
503,0,0,0,0,0,0,0,0,0,0,0,0,0,0
504,15,2406991.345,22,4463098.208,12,88979.98788,5,2076620.993,22,1451268.311,0,0,2,20588.77247
505,2,9682.717225,3,633271.7643,2,20689.40314,0,0,2,176702.9565,0,0,0,0
506,0,0,0,0,0,0,0,0,0,0,0,0,0,0
507,0,0,0,0,0,0,0,0,0,0,0,0,0,0
508,0,0,0,0,0,0,0,0,0,0,0,0,0,0
509,0,0,0,0,0,0,0,0,0,0,0,0,0,0
510,0,0,0,0,0,0,0,0,0,0,0,0,0,0
511,0,0,0,0,0,0,0,0,0,0,0,0,0,0
512,9,96612.59428,22,4310230.813,23,6304947.658,8,67000.81658,22,3824398.353,23,4927977.99,6,44587.28968
513,84,17067360.66,73,10682367.03,45,1322929.02,82,15937531.85,42,9587985.255,18,1128101.342,39,280571.745
514,99,15246993,98,18050314.03,68,12486365.57,85,14707656.45,88,27945131.6,41,14029476.9,33,250378.7928
515,9,616512.9178,23,3499862.045,42,9159224.553,5,722678.2515,13,2485436.955,40,9857577.458,17,98629.18795
516,20,499482.921,19,135068.63,34,9505445.663,18,347102.4265,7,40971.9702,34,7041445.455,16,77991.29545
517,30,5678421.013,42,3186935.11,6,2166236.412,19,1036010.225,41,14210530.35,6,1001321.781,3,16827.67829
518,27,20473629.25,54,5585868.368,61,29152486.65,22,2917757.703,41,4201772.05,56,11099485.93,36,174511.5672
519,125,18182044.64,80,12145690.45,54,6357492.905,124,17122122.72,57,9134728.8,31,7258194.433,54,410524.519
520,48,13478974.17,29,548878.0865,77,10251218.07,61,8569711.095,28,384544.1848,58,11862471.77,43,243633.2141
521,73,14723720.54,45,1384065.348,135,20771634.66,72,13752355.36,40,2113139.832,110,14998363.03,73,393706.2658
522,91,14992968.16,55,3523530.995,34,873352.6755,88,12030000.43,30,3007871.84,4,997614.1613,38,267228.386
523,27,1160848.947,39,6192809.513,10,82273.38423,23,1186778.328,40,5868152.413,11,102177.3456,0,0
524,18,457935.6515,49,7067366.488,35,4113402.95,5,436302.93,32,1183904.463,24,594799.991,9,34137.01953
525,5,270969.5573,12,2192047.049,14,1907430.253,2,305120.1393,6,723908.486,7,510243.4995,2,11386.31782
526,0,0,0,0,0,0,0,0,0,0,0,0,0,0
527,0,0,0,0,0,0,0,0,0,0,0,0,0,0
528,6,26441.68423,11,1678821.462,3,21572.21656,0,0,11,453670.7325,0,0,0,0
529,0,0,0,0,0,0,0,0,0,0,0,0,0,0
530,0,0,0,0,0,0,0,0,0,0,0,0,0,0
531,0,0,0,0,0,0,0,0,0,0,0,0,0,0
532,0,0,0,0,0,0,0,0,0,0,0,0,0,0
533,0,0,0,0,0,0,0,0,0,0,0,0,0,0
534,0,0,14,165764.3349,22,8741487.255,0,0,6,22344.87029,22,5066768.333,14,56639.83488
535,3,18443.77303,10,652736.8118,18,6124300.008,0,0,10,496502.224,18,4345565.608,8,37202.61228
536,84,12386197.63,76,16180663.88,86,9800187.175,69,16128931.18,77,15293236.47,41,6505040.048,37,193058.2258
537,118,28688787.15,19,2450280.642,94,6557398.493,117,24666041.2,13,3142837.688,30,5674999.025,51,388123.2295
538,6,511927.0023,52,814341.3573,90,23419753.86,2,429764.7083,40,1431836.63,87,21886259.47,32,168803.5907
539,2,3347327.633,16,1562966.141,18,18800595.55,1,9409987.058,13,10917323.83,18,24487485.81,10,330507.0648
540,34,1869688.512,41,2413748.842,10,908908.6383,19,157272.6056,39,8021281.253,7,685517.6855,1,8994.231808
541,35,12929878.73,96,27826482.95,97,38317044.45,35,20555066.19,73,30097547.53,105,31090164.45,42,276305.7548
542,43,3641791.533,113,26886506.43,81,22832693.86,36,3486350.175,91,51926240.93,91,22672868.44,28,133538.0909
543,16,3766478.89,83,5930121.468,139,30543599.53,38,6925125.858,56,10493176.44,147,36973846.63,47,224466.8073
544,46,6766444.505,16,23683234.79,43,10305533.98,47,8293612.64,12,25445395.08,42,5163366.048,17,96267.03815
545,21,2560811.398,7,1678759.595,9,62757.0294,20,3910112.065,18,1300005.174,0,0,6,21780.12061
546,62,12338204.95,41,29272973.18,22,3047110.968,62,12586432.99,48,19400365.44,17,509711.169,16,181007.3666
547,5,11883120.13,29,1814861.405,33,15223813.27,5,1632616.793,8,1621317.105,33,1943964.983,13,63622.5193
548,4,736081.6475,14,19921177.9,38,8591778.483,1,363185.8913,4,11114225.28,34,1846867.97,11,46194.2384
549,0,0,1,13222,6,2089836.955,0,0,0,0,4,1648337.418,2,30708.86515
550,0,0,1,5775.986978,2,379621.909,0,0,0,0,2,471279.5843,1,5003
551,0,0,0,0,0,0,0,0,0,0,0,0,0,0
552,0,0,0,0,0,0,0,0,0,0,0,0,0,0
553,0,0,0,0,0,0,0,0,0,0,0,0,0,0
554,0,0,0,0,0,0,0,0,0,0,0,0,0,0
555,0,0,0,0,0,0,0,0,0,0,0,0,0,0
556,0,0,0,0,0,0,0,0,0,0,0,0,0,0
557,15,74784.7271,13,99251.62048,35,9343948.545,0,0,6,44302.70995,35,7555650.07,20,156850.2449
558,9,40692.79013,16,1138945.153,15,2552769.368,1,3503.969255,14,1436424.252,15,2540930.105,5,20138.56365
559,31,1074564.432,61,19099853.69,21,704875.9683,34,771929.221,63,15644925.87,2,551184.4588,2,18854.98709
560,7,2239240.071,6,1426283.433,8,382967.9438,8,1373031.377,6,818412.833,6,1032940.491,3,88193.00973
561,0,0,6,360433.0028,11,9288745.053,1,18088,3,58518.5144,11,4193760.443,2,15201.90259
562,15,1933571.878,31,4158044.325,22,4438233.845,12,912540.269,26,6120067.675,21,6684504.718,13,89195.97748
563,69,15690413.14,32,3061570.448,42,985399.6795,61,11028222.99,34,11766450.65,12,1005492.581,25,453754.7743
564,88,21873903.37,98,26533589.2,54,9085185.858,97,17371292.78,97,24039150.65,24,5381062.885,20,247287.1184
565,78,4398248.888,115,23173401.92,28,5447946.333,82,9030821.96,115,29436357.5,24,3510012.873,11,39397.67518
566,14,1919376.07,27,1622824.863,72,13386340.47,17,4308822.068,26,1747696.967,66,9474856.128,27,112290.4296
567,12,202623.1449,28,6747095.105,16,1906405.642,9,84301.47993,27,4222926.71,8,1286164.624,4,24230.24101
568,15,105773.4079,51,10168589.22,15,101151.3495,21,194228.7132,51,9045492.698,0,0,0,0
569,8,669122.3578,17,2742335.708,7,714252.2428,10,7051975.14,16,2696275.598,3,55565.79055,1,231.6517857
570,5,42891.5002,12,1729875.596,18,2746101.863,6,29424.52498,8,1971147.714,17,495875.7875,5,15125.93306
571,2,126905.7025,7,82618.45683,20,5491388.373,1,506026.5713,1,89636.33535,19,1093407.875,3,7942.596875
572,11,24988910.81,5,27728103.68,17,7485231.59,11,14301915.53,3,4199320.268,8,3959106.47,2,4366.40042
573,0,0,3,12294.73484,7,1207764.559,0,0,2,8299.465958,6,521255.1908,0,0
574,0,0,0,0,0,0,0,0,0,0,0,0,0,0
575,0,0,0,0,0,0,0,0,0,0,0,0,0,0
576,0,0,0,0,0,0,0,0,0,0,0,0,0,0
577,0,0,0,0,0,0,0,0,0,0,0,0,0,0
578,0,0,0,0,0,0,0,0,0,0,0,0,0,0
579,0,0,0,0,0,0,0,0,0,0,0,0,0,0
580,1,3355.619768,5,13345.49142,11,7716101.963,0,0,1,3000,10,2308386.567,4,19923.73698
581,0,0,0,0,0,0,0,0,0,0,0,0,0,0
582,1,4274.606555,1,101068.9929,0,0,0,0,1,105551.4909,0,0,0,0
583,0,0,0,0,0,0,0,0,0,0,0,0,0,0
584,88,20186365.03,22,2844259.198,62,2891751.283,88,22738486.44,8,1649942.501,27,5987125.538,62,436798.228
585,44,11488963.65,107,6732146.23,164,18512169.51,31,12436221.05,43,3525747.163,153,37526798.93,81,502372.0345
586,75,15668772.19,33,3696331.338,43,4320098.895,70,12378037.02,25,6169361.223,19,5149467.75,39,330611.0743
587,141,20082033.25,18,3300754.723,96,5567707.458,143,36326181.68,19,4327462.205,5,1946716.132,30,254396.4458
588,81,9841032.96,35,1880821.764,94,16284018.72,83,17350566.5,16,2196904.202,53,10127456.08,55,202019.608
589,56,12910681.48,4,114140.6888,42,2499898.034,57,18307016.36,2,903206.2873,12,2072092.826,35,247678.2632
590,2,313073.0518,32,2194687.792,37,7734089.36,2,481040.0965,34,1622114.812,38,4933697.27,8,42208.97145
591,0,0,12,2182361.76,13,2174137.535,0,0,12,1211059.631,13,1598060.731,6,25763.2085
592,20,1747401.268,23,7752369.635,17,904304.978,19,1375680.573,23,3946740.78,11,49720.23698,0,0
593,22,1416262.268,11,4068956.503,20,2402675.892,22,5393391.318,10,1038137.24,14,461016.2203,5,18985.6879
594,20,1578040.351,5,574248.0135,11,1331351.01,18,6510821.073,4,1046810.218,2,2082811.027,0,0
595,4,443376.3845,3,43132.3046,11,1498483.096,5,2106799.938,0,0,8,331599.1318,3,22775.1907
596,44,4222255.213,6,556731.7008,30,1606947.625,44,16695055.94,2,39018.91635,8,301982.1458,4,25010.48698
597,0,0,0,0,0,0,0,0,0,0,0,0,0,0
598,0,0,0,0,0,0,0,0,0,0,0,0,0,0
599,0,0,0,0,0,0,0,0,0,0,0,0,0,0
600,0,0,0,0,0,0,0,0,0,0,0,0,0,0
601,0,0,0,0,0,0,0,0,0,0,0,0,0,0
602,0,0,0,0,0,0,0,0,0,0,0,0,0,0
603,0,0,0,0,0,0,0,0,0,0,0,0,0,0
604,0,0,0,0,0,0,0,0,0,0,0,0,0,0
605,0,0,0,0,0,0,0,0,0,0,0,0,0,0
606,93,7705380.43,103,23726667.41,38,5782307.118,91,23465278.7,103,31776883.9,34,3654213.115,15,95474.6841
607,145,37621066.85,17,3524161.89,83,1038819.211,141,51426374.85,38,4769419.178,8,575544.7895,78,568602.2083
608,103,15249494.44,92,21216474.08,108,17324716.52,102,26048474.33,81,22571057.42,84,16221993.96,51,453256.3675
609,72,28750268.75,41,3572701.733,97,19640108.51,72,28396172.1,22,4940214.653,68,15126928.37,61,447596.8715
610,39,9026997.66,42,2365816.636,86,20568293.95,90,12377159.91,8,1005342.631,64,5536118.693,36,349813.0375
611,25,1701764.632,75,1077936.753,165,31201015.43,54,8164557.863,34,1619514.482,141,18352928.74,59,289091.6468
612,1,24989170.22,5,7653239.185,5,40170776.28,1,6320963.493,2,40716404.93,5,15424603.93,3,19663.23816
613,3,963131.0233,0,0,3,18175.33677,3,824383.4855,0,0,0,0,2,12795.10436
614,19,1787693.806,11,1858096.307,9,52726.5716,20,2098841.008,11,1489333.563,5,26881.84798,3,9724.15325
615,50,11818246.26,17,950042.0555,42,8371964.288,36,6564708.8,4,561875.2985,27,8847417.403,23,209575.2854
616,21,282294.8183,11,105238.4939,20,3846280.258,2,2063304.186,1,6089,20,5618983.528,6,37476.19368
617,1,232171.2112,0,0,1,18844.35153,1,1105543.841,0,0,0,0,0,0
618,7,730282.6013,0,0,4,53742.87733,8,3146962.545,0,0,0,0,0,0
619,2,179472.559,0,0,1,9296.23957,2,531260.0173,0,0,0,0,0,0
620,0,0,0,0,0,0,0,0,0,0,0,0,0,0
621,0,0,0,0,0,0,0,0,0,0,0,0,0,0
622,0,0,0,0,0,0,0,0,0,0,0,0,0,0
623,0,0,0,0,0,0,0,0,0,0,0,0,0,0
624,0,0,0,0,0,0,0,0,0,0,0,0,0,0
625,0,0,0,0,0,0,0,0,0,0,0,0,0,0
626,0,0,0,0,0,0,0,0,0,0,0,0,0,0
627,0,0,0,0,0,0,0,0,0,0,0,0,0,0
628,0,0,0,0,0,0,0,0,0,0,0,0,0,0
629,16,571229.534,42,9036220.788,2,97792.17935,20,945826.9903,41,12218253.51,6,173766.4169,1,6992.960528
630,19,1399261.238,24,6800406.995,3,30366.16455,15,1296457.143,24,9399097.098,4,31890.23645,1,7883.75
631,42,542895.9285,85,25643380.93,13,167225.7136,42,577037.2445,84,31735750.03,5,64636.47358,0,0
632,8,3431053.038,42,4875414.838,81,20528291.69,23,2501915.5,18,3004093.868,82,25493032.43,32,245248.6562
633,51,17738169.88,25,461332.8733,42,5969662.195,59,14178587.35,5,2499689.09,21,7706224.5,35,292906.8978
634,59,3477393.443,95,20230647.18,45,9636281.093,69,4726500,74,15559681.34,37,3596046.983,23,155234.047
635,123,17932805.57,119,43682350.98,39,329565.3458,123,12138971.98,119,32142153.08,3,48986.91447,31,279480.002
636,6,1218099.037,0,0,3,21805.66667,6,927060.4318,0,0,0,0,4,19079.11319
637,99,16339333.42,37,1999962.931,55,2747641.738,100,14910381.98,36,3301060.128,8,1877323.193,29,176217.578
638,26,7261031.32,13,670781.0218,55,9707507.568,23,5019691.858,10,407179.83,42,10202885.04,17,114268.4854
639,14,2546038.498,20,1094754.404,68,11058931.22,11,2104155.951,7,2196636.47,65,13070876.92,17,78470.82783
640,27,2575992.035,2,19422204.05,10,1137800.105,27,7892957.663,4,750827.9805,1,403242.4383,3,8379.551408
641,27,5700316.125,6,310457.7385,11,142474.4422,25,7338894.983,4,900024.611,4,245858.0539,6,54853.30668
642,10,4171285.363,6,97605.29668,2,302484.8405,11,915179.299,2,96639.52285,3,509100.8083,6,101533.7701
643,0,0,0,0,0,0,0,0,0,0,0,0,0,0
644,0,0,0,0,0,0,0,0,0,0,0,0,0,0
645,0,0,0,0,0,0,0,0,0,0,0,0,0,0
646,0,0,0,0,0,0,0,0,0,0,0,0,0,0
647,0,0,0,0,0,0,0,0,0,0,0,0,0,0
648,0,0,0,0,0,0,0,0,0,0,0,0,0,0
649,0,0,0,0,0,0,0,0,0,0,0,0,0,0
650,0,0,0,0,0,0,0,0,0,0,0,0,0,0
651,0,0,0,0,0,0,0,0,0,0,0,0,0,0
652,0,0,0,0,0,0,0,0,0,0,0,0,0,0
653,0,0,0,0,0,0,0,0,0,0,0,0,0,0
654,0,0,11,275424.174,15,13382552.14,1,8268,6,106546.2072,15,12956322.98,0,0
655,0,0,23,131568.3005,43,12746880.04,1,3801.75,9,41409.44275,43,15863982.03,4,25708.2797
656,54,6419151.625,77,27249627.1,31,3622561.918,52,4007915.605,76,16813828.07,19,2038533.125,13,164108.4587
657,66,1258467.748,158,19444802.05,192,48532573.48,47,1397960.224,121,14593673.48,194,32785979.05,75,412237.7043
658,129,22661243.78,144,37338121.48,88,16086936.77,126,16885836.74,133,27566374.78,90,13992300.66,55,610601.0298
659,0,0,0,0,0,0,0,0,0,0,0,0,0,0
660,6,540950.754,6,137627.9782,4,33406.18088,6,468322.149,5,166432.6749,0,0,2,9125.179873
661,8,1986449.981,7,210144.7931,7,244818.049,10,1481148.427,7,354774.2955,1,228539.4902,6,38535.4493
662,71,46105202.73,8,4198794.29,50,6677556.72,74,35699292.55,8,2929137.855,19,12633349.4,37,288204.015
663,41,9868170.73,14,931256.9353,5,354980.8263,42,8088938.545,4,714488.654,2,774194.913,12,163021.3893
664,51,17599235.09,5,86280.8339,0,0,50,3770128.53,1,290.25,1,6716.610918,16,141543.6627
665,56,9410900.14,43,7202785.775,2,671033.8948,54,2236847.715,27,9106666.863,14,152498.7605,12,73197.23523
666,20,3819117.62,7,24485.42761,10,72419.31995,20,4742264.058,0,0,0,0,11,51709.53813
667,0,0,0,0,0,0,0,0,0,0,0,0,0,0
668,0,0,0,0,0,0,0,0,0,0,0,0,0,0
669,0,0,0,0,0,0,0,0,0,0,0,0,0,0
670,0,0,0,0,0,0,0,0,0,0,0,0,0,0
671,0,0,0,0,0,0,0,0,0,0,0,0,0,0
672,0,0,0,0,0,0,0,0,0,0,0,0,0,0
673,0,0,0,0,0,0,0,0,0,0,0,0,0,0
674,0,0,0,0,0,0,0,0,0,0,0,0,0,0
675,0,0,0,0,0,0,0,0,0,0,0,0,0,0
676,6,39705.3953,12,2188049.989,10,86231.43645,6,51204.43508,12,2889486.295,0,0,0,0
677,31,235072.6642,77,15624771.32,14,160325.6943,28,190520.6701,77,20114712.23,0,0,0,0
678,49,6397344.865,44,8855992.815,14,127898.9675,43,5318134.485,43,12297649.69,28,265625.969,12,116058.4848
679,121,32188204.8,63,10786008.65,118,16923038.67,116,24232133.69,43,8867511.79,56,17563336.05,71,638830.9768
680,39,3472675.173,125,8948896.808,174,49271633.75,17,1595878.056,70,8219402.138,172,42588006.58,78,519381.038
681,41,9627736.725,54,12028687.78,101,38664872.33,42,14359145.54,36,9298626.828,87,19546977.06,52,1211779.364
682,27,285900.4645,51,12326111.36,2,754587.5843,22,341289.438,51,13630305.33,14,1800470.368,0,0
683,13,84271.3354,27,4447108.858,0,0,7,65727.3829,28,5240238.558,9,54271.72965,0,0
684,12,3509534.113,1,61602.7532,1,6329.05546,12,6124638.61,1,41711.15625,0,0,6,46625.65078
685,9,1545335.472,2,16234166.43,5,1295671.302,9,2119693.57,2,1269657.389,2,936103.9173,2,5925.301408
686,23,4117161.06,23,10313881.6,32,9715079.768,24,6497458.875,6,1898819.388,32,6023376.298,23,142619.6858
687,22,844856.3448,50,8823857.785,49,10760992.19,14,1463524.349,42,11384267.43,45,10738529.17,11,95484.60443
688,93,13317709.36,101,16702640.35,45,6599382.393,89,17838588.9,80,21358506.46,24,1606022.734,25,162986.876
689,54,9127432.583,24,128351.9251,30,280808.7063,53,11205969.69,0,0,1,97535.48308,26,143109.8103
690,0,0,0,0,0,0,0,0,0,0,0,0,0,0
691,0,0,0,0,0,0,0,0,0,0,0,0,0,0
692,0,0,0,0,0,0,0,0,0,0,0,0,0,0
693,0,0,0,0,0,0,0,0,0,0,0,0,0,0
694,0,0,0,0,0,0,0,0,0,0,0,0,0,0
695,0,0,0,0,0,0,0,0,0,0,0,0,0,0
696,0,0,0,0,0,0,0,0,0,0,0,0,0,0
697,0,0,0,0,0,0,0,0,0,0,0,0,0,0
698,0,0,0,0,0,0,0,0,0,0,0,0,0,0
699,2,11640.82453,6,1033907.105,6,31337.22963,4,14980.12188,6,1414813.91,0,0,0,0
700,121,15407104.98,89,17838594.78,73,1245870.67,119,23629095.09,85,27086408.53,3,569536.322,37,188779.5477
701,158,26631310.18,156,26719318.38,115,6421634.523,160,39737996.25,128,40461831.25,43,7031133.925,53,422684.4285
702,61,16151067.21,65,9229660.963,103,18323258.03,45,11041414.44,47,9797936.408,96,21290104.13,41,384533.3885
703,46,1866442.319,73,13075703.74,76,14121145.09,32,2962340.588,61,20791528.09,59,18911719.98,24,154736.1933
704,57,12083584.04,25,3276941.71,50,2638117.87,56,18821696.92,31,3987383.943,16,3491866.213,30,236894.2493
705,13,646526.0863,23,4354707.36,1,10501.50542,19,1291463.693,24,5770849.835,0,0,0,0
706,1,36537.0408,3,1090335.706,0,0,3,9513.30546,3,1378223.686,0,0,0,0
707,67,8093704.315,49,9630477.755,4,16418.15244,63,10247605.84,49,14297041.2,0,0,13,89893.07658
708,74,16254714.67,2,781691.2113,23,1991845.208,72,20881796.82,2,204499.234,2,325201.499,22,191685.2084
709,7,1097363.628,27,3929703.748,56,16549847.67,8,2204670.188,7,1747880.387,55,15653871.66,17,115384.5839
710,7,29391.22395,28,1830896.785,47,8981505.295,1,2396.25,13,3353319.403,51,16265407.16,28,229163.8771
711,19,4986769.96,4,976688.3955,9,130668.242,16,6135212.385,4,1430872.835,2,16760.44308,9,103034.3982
712,18,4203472.223,0,0,12,80407.79935,18,3849100.668,0,0,0,0,14,89526.1549
713,0,0,0,0,0,0,0,0,0,0,0,0,0,0
714,0,0,0,0,0,0,0,0,0,0,0,0,0,0
715,0,0,0,0,0,0,0,0,0,0,0,0,0,0
716,0,0,0,0,0,0,0,0,0,0,0,0,0,0
717,0,0,0,0,0,0,0,0,0,0,0,0,0,0
718,0,0,0,0,0,0,0,0,0,0,0,0,0,0
719,0,0,0,0,0,0,0,0,0,0,0,0,0,0
720,0,0,0,0,0,0,0,0,0,0,0,0,0,0
721,0,0,0,0,0,0,0,0,0,0,0,0,0,0
722,0,0,0,0,0,0,0,0,0,0,0,0,0,0
723,16,6268320.315,0,0,10,71976.0717,16,6702762.773,0,0,0,0,7,87970.20458
724,61,16292461.55,3,1303887.448,30,1296926.44,63,25670642.23,2,799410.5515,3,1778937.772,35,263037.9753
725,68,19856858.7,11,2008074.767,35,1310688.92,70,28651297.6,11,2390018.934,4,1754262.204,39,387560.8128
726,111,14479287.29,97,26254409,27,1729750.567,104,20690896.45,96,32680278.95,2,510596.7213,25,213391.4491
727,91,21885776.44,3,284383.1745,39,1048676.014,90,27099363.18,3,669132.0195,2,1324926.558,45,274376.4698
728,40,5646659.165,20,4784847.043,17,1228984.669,37,8308788.665,21,6224158.858,2,1809204.416,14,117833.4563
729,0,0,0,0,0,0,0,0,0,0,0,0,0,0
730,6,5293162.115,8,22819830.64,8,27305928.08,6,4374910.098,7,6311021.658,8,8760253.528,3,6747.22991
731,5,943655.0608,25,1418157.468,46,13441880.79,7,1955323.283,19,539363.523,46,11524200.7,19,129684.1703
732,7,1973311.055,18,275633.238,32,9136204.2,6,1580262.441,9,329738.7808,31,6473591.64,11,123783.6376
733,64,25590990.23,0,0,43,390960.0515,64,16763441.65,0,0,2,132478.7057,40,489667.2723
734,63,19431359.57,29,2239434.65,37,3889823.83,64,14252733.54,3,1097957.398,5,1186776.682,36,317749.523
735,0,0,0,0,0,0,0,0,0,0,0,0,0,0
736,0,0,0,0,0,0,0,0,0,0,0,0,0,0
737,0,0,0,0,0,0,0,0,0,0,0,0,0,0
738,0,0,0,0,0,0,0,0,0,0,0,0,0,0
739,0,0,0,0,0,0,0,0,0,0,0,0,0,0
740,0,0,0,0,0,0,0,0,0,0,0,0,0,0
741,0,0,0,0,0,0,0,0,0,0,0,0,0,0
742,0,0,0,0,0,0,0,0,0,0,0,0,0,0
743,0,0,0,0,0,0,0,0,0,0,0,0,0,0
744,0,0,0,0,0,0,0,0,0,0,0,0,0,0
745,0,0,0,0,0,0,0,0,0,0,0,0,0,0
746,0,0,0,0,0,0,0,0,0,0,0,0,0,0
747,0,0,0,0,0,0,0,0,0,0,0,0,0,0
748,0,0,0,0,0,0,0,0,0,0,0,0,0,0
749,0,0,0,0,0,0,0,0,0,0,0,0,0,0
750,0,0,0,0,0,0,0,0,0,0,0,0,0,0
751,0,0,0,0,0,0,0,0,0,0,0,0,0,0
752,0,0,0,0,0,0,0,0,0,0,0,0,0,0
753,0,0,0,0,0,0,0,0,0,0,0,0,0,0
754,1,2118.50898,9,1519637.365,16,11669407.38,1,2020222.653,4,1055207.983,17,8248208.225,10,69160.67678
755,2,5251561.143,9,1181771.959,25,10585677.26,2,1610855.423,3,7531678.27,25,5521425.038,10,57708.3865
756,37,10944039.93,25,3098122.718,58,11421447.44,35,9029761.073,16,2409693.958,48,7686541.375,33,183192.3682
757,109,2779362.753,182,61500581.2,42,18300881.75,104,3060259.588,182,47407115.2,65,16139239.38,0,0
758,0,0,0,0,0,0,0,0,0,0,0,0,0,0
759,0,0,0,0,0,0,0,0,0,0,0,0,0,0
760,0,0,0,0,0,0,0,0,0,0,0,0,0,0
761,0,0,0,0,0,0,0,0,0,0,0,0,0,0
762,0,0,0,0,0,0,0,0,0,0,0,0,0,0
763,0,0,0,0,0,0,0,0,0,0,0,0,0,0
764,0,0,0,0,0,0,0,0,0,0,0,0,0,0
765,0,0,0,0,0,0,0,0,0,0,0,0,0,0
766,0,0,0,0,0,0,0,0,0,0,0,0,0,0
767,0,0,0,0,0,0,0,0,0,0,0,0,0,0
768,0,0,0,0,0,0,0,0,0,0,0,0,0,0
769,0,0,0,0,0,0,0,0,0,0,0,0,0,0
770,0,0,0,0,0,0,0,0,0,0,0,0,0,0
771,0,0,0,0,0,0,0,0,0,0,0,0,0,0
772,0,0,0,0,0,0,0,0,0,0,0,0,0,0
773,0,0,0,0,0,0,0,0,0,0,0,0,0,0
774,0,0,0,0,0,0,0,0,0,0,0,0,0,0
775,0,0,0,0,0,0,0,0,0,0,0,0,0,0
776,0,0,0,0,0,0,0,0,0,0,0,0,0,0
777,0,0,0,0,0,0,0,0,0,0,0,0,0,0
778,0,0,6,74301.85303,14,4715650.393,0,0,4,14099,14,2507649.378,8,40642.55285
779,0,0,0,0,0,0,0,0,0,0,0,0,0,0
780,1,1633.5,2,311451.369,0,0,1,2370.5,2,254488.1738,0,0,0,0
781,0,0,0,0,0,0,0,0,0,0,0,0,0,0
782,0,0,0,0,0,0,0,0,0,0,0,0,0,0
AVERAGE,21.40537084,4068306.131,13.20204604,4316245.453,13.33631714,4278173.747,13.10613811,4119356.003,13.04603581,4378743.971,12.94757033,3806630.82,11.79411765,94364.06882
