Cuadrante,Longitud,Latitud,Longitud,Latitud,Longitud,Latitud,Longitud,Latitud
1,-74.2193485,4.470641,-74.2099285,4.470641,-74.2099285,4.479891,-74.2193485,4.479891
2,-74.2099285,4.470641,-74.2005085,4.470641,-74.2005085,4.479891,-74.2099285,4.479891
3,-74.2005085,4.470641,-74.1910885,4.470641,-74.1910885,4.479891,-74.2005085,4.479891
4,-74.1910885,4.470641,-74.1816685,4.470641,-74.1816685,4.479891,-74.1910885,4.479891
5,-74.1816685,4.470641,-74.1722485,4.470641,-74.1722485,4.479891,-74.1816685,4.479891
6,-74.1722485,4.470641,-74.1628285,4.470641,-74.1628285,4.479891,-74.1722485,4.479891
7,-74.1628285,4.470641,-74.1534085,4.470641,-74.1534085,4.479891,-74.1628285,4.479891
8,-74.1534085,4.470641,-74.1439885,4.470641,-74.1439885,4.479891,-74.1534085,4.479891
9,-74.1439885,4.470641,-74.1345685,4.470641,-74.1345685,4.479891,-74.1439885,4.479891
10,-74.1345685,4.470641,-74.1251485,4.470641,-74.1251485,4.479891,-74.1345685,4.479891
11,-74.1251485,4.470641,-74.1157285,4.470641,-74.1157285,4.479891,-74.1251485,4.479891
12,-74.1157285,4.470641,-74.1063085,4.470641,-74.1063085,4.479891,-74.1157285,4.479891
13,-74.1063085,4.470641,-74.0968885,4.470641,-74.0968885,4.479891,-74.1063085,4.479891
14,-74.0968885,4.470641,-74.0874685,4.470641,-74.0874685,4.479891,-74.0968885,4.479891
15,-74.0874685,4.470641,-74.0780485,4.470641,-74.0780485,4.479891,-74.0874685,4.479891
16,-74.0780485,4.470641,-74.0686285,4.470641,-74.0686285,4.479891,-74.0780485,4.479891
17,-74.0686285,4.470641,-74.0592085,4.470641,-74.0592085,4.479891,-74.0686285,4.479891
18,-74.0592085,4.470641,-74.0497885,4.470641,-74.0497885,4.479891,-74.0592085,4.479891
19,-74.0497885,4.470641,-74.0403685,4.470641,-74.0403685,4.479891,-74.0497885,4.479891
20,-74.0403685,4.470641,-74.0309485,4.470641,-74.0309485,4.479891,-74.0403685,4.479891
21,-74.0309485,4.470641,-74.0215285,4.470641,-74.0215285,4.479891,-74.0309485,4.479891
22,-74.0215285,4.470641,-74.0121085,4.470641,-74.0121085,4.479891,-74.0215285,4.479891
23,-74.0121085,4.470641,-74.0026885,4.470641,-74.0026885,4.479891,-74.0121085,4.479891
24,-74.2193485,4.479891,-74.2099285,4.479891,-74.2099285,4.489141,-74.2193485,4.489141
25,-74.2099285,4.479891,-74.2005085,4.479891,-74.2005085,4.489141,-74.2099285,4.489141
26,-74.2005085,4.479891,-74.1910885,4.479891,-74.1910885,4.489141,-74.2005085,4.489141
27,-74.1910885,4.479891,-74.1816685,4.479891,-74.1816685,4.489141,-74.1910885,4.489141
28,-74.1816685,4.479891,-74.1722485,4.479891,-74.1722485,4.489141,-74.1816685,4.489141
29,-74.1722485,4.479891,-74.1628285,4.479891,-74.1628285,4.489141,-74.1722485,4.489141
30,-74.1628285,4.479891,-74.1534085,4.479891,-74.1534085,4.489141,-74.1628285,4.489141
31,-74.1534085,4.479891,-74.1439885,4.479891,-74.1439885,4.489141,-74.1534085,4.489141
32,-74.1439885,4.479891,-74.1345685,4.479891,-74.1345685,4.489141,-74.1439885,4.489141
33,-74.1345685,4.479891,-74.1251485,4.479891,-74.1251485,4.489141,-74.1345685,4.489141
34,-74.1251485,4.479891,-74.1157285,4.479891,-74.1157285,4.489141,-74.1251485,4.489141
35,-74.1157285,4.479891,-74.1063085,4.479891,-74.1063085,4.489141,-74.1157285,4.489141
36,-74.1063085,4.479891,-74.0968885,4.479891,-74.0968885,4.489141,-74.1063085,4.489141
37,-74.0968885,4.479891,-74.0874685,4.479891,-74.0874685,4.489141,-74.0968885,4.489141
38,-74.0874685,4.479891,-74.0780485,4.479891,-74.0780485,4.489141,-74.0874685,4.489141
39,-74.0780485,4.479891,-74.0686285,4.479891,-74.0686285,4.489141,-74.0780485,4.489141
40,-74.0686285,4.479891,-74.0592085,4.479891,-74.0592085,4.489141,-74.0686285,4.489141
41,-74.0592085,4.479891,-74.0497885,4.479891,-74.0497885,4.489141,-74.0592085,4.489141
42,-74.0497885,4.479891,-74.0403685,4.479891,-74.0403685,4.489141,-74.0497885,4.489141
43,-74.0403685,4.479891,-74.0309485,4.479891,-74.0309485,4.489141,-74.0403685,4.489141
44,-74.0309485,4.479891,-74.0215285,4.479891,-74.0215285,4.489141,-74.0309485,4.489141
45,-74.0215285,4.479891,-74.0121085,4.479891,-74.0121085,4.489141,-74.0215285,4.489141
46,-74.0121085,4.479891,-74.0026885,4.479891,-74.0026885,4.489141,-74.0121085,4.489141
47,-74.2193485,4.489141,-74.2099285,4.489141,-74.2099285,4.498391,-74.2193485,4.498391
48,-74.2099285,4.489141,-74.2005085,4.489141,-74.2005085,4.498391,-74.2099285,4.498391
49,-74.2005085,4.489141,-74.1910885,4.489141,-74.1910885,4.498391,-74.2005085,4.498391
50,-74.1910885,4.489141,-74.1816685,4.489141,-74.1816685,4.498391,-74.1910885,4.498391
51,-74.1816685,4.489141,-74.1722485,4.489141,-74.1722485,4.498391,-74.1816685,4.498391
52,-74.1722485,4.489141,-74.1628285,4.489141,-74.1628285,4.498391,-74.1722485,4.498391
53,-74.1628285,4.489141,-74.1534085,4.489141,-74.1534085,4.498391,-74.1628285,4.498391
54,-74.1534085,4.489141,-74.1439885,4.489141,-74.1439885,4.498391,-74.1534085,4.498391
55,-74.1439885,4.489141,-74.1345685,4.489141,-74.1345685,4.498391,-74.1439885,4.498391
56,-74.1345685,4.489141,-74.1251485,4.489141,-74.1251485,4.498391,-74.1345685,4.498391
57,-74.1251485,4.489141,-74.1157285,4.489141,-74.1157285,4.498391,-74.1251485,4.498391
58,-74.1157285,4.489141,-74.1063085,4.489141,-74.1063085,4.498391,-74.1157285,4.498391
59,-74.1063085,4.489141,-74.0968885,4.489141,-74.0968885,4.498391,-74.1063085,4.498391
60,-74.0968885,4.489141,-74.0874685,4.489141,-74.0874685,4.498391,-74.0968885,4.498391
61,-74.0874685,4.489141,-74.0780485,4.489141,-74.0780485,4.498391,-74.0874685,4.498391
62,-74.0780485,4.489141,-74.0686285,4.489141,-74.0686285,4.498391,-74.0780485,4.498391
63,-74.0686285,4.489141,-74.0592085,4.489141,-74.0592085,4.498391,-74.0686285,4.498391
64,-74.0592085,4.489141,-74.0497885,4.489141,-74.0497885,4.498391,-74.0592085,4.498391
65,-74.0497885,4.489141,-74.0403685,4.489141,-74.0403685,4.498391,-74.0497885,4.498391
66,-74.0403685,4.489141,-74.0309485,4.489141,-74.0309485,4.498391,-74.0403685,4.498391
67,-74.0309485,4.489141,-74.0215285,4.489141,-74.0215285,4.498391,-74.0309485,4.498391
68,-74.0215285,4.489141,-74.0121085,4.489141,-74.0121085,4.498391,-74.0215285,4.498391
69,-74.0121085,4.489141,-74.0026885,4.489141,-74.0026885,4.498391,-74.0121085,4.498391
70,-74.2193485,4.498391,-74.2099285,4.498391,-74.2099285,4.507641,-74.2193485,4.507641
71,-74.2099285,4.498391,-74.2005085,4.498391,-74.2005085,4.507641,-74.2099285,4.507641
72,-74.2005085,4.498391,-74.1910885,4.498391,-74.1910885,4.507641,-74.2005085,4.507641
73,-74.1910885,4.498391,-74.1816685,4.498391,-74.1816685,4.507641,-74.1910885,4.507641
74,-74.1816685,4.498391,-74.1722485,4.498391,-74.1722485,4.507641,-74.1816685,4.507641
75,-74.1722485,4.498391,-74.1628285,4.498391,-74.1628285,4.507641,-74.1722485,4.507641
76,-74.1628285,4.498391,-74.1534085,4.498391,-74.1534085,4.507641,-74.1628285,4.507641
77,-74.1534085,4.498391,-74.1439885,4.498391,-74.1439885,4.507641,-74.1534085,4.507641
78,-74.1439885,4.498391,-74.1345685,4.498391,-74.1345685,4.507641,-74.1439885,4.507641
79,-74.1345685,4.498391,-74.1251485,4.498391,-74.1251485,4.507641,-74.1345685,4.507641
80,-74.1251485,4.498391,-74.1157285,4.498391,-74.1157285,4.507641,-74.1251485,4.507641
81,-74.1157285,4.498391,-74.1063085,4.498391,-74.1063085,4.507641,-74.1157285,4.507641
82,-74.1063085,4.498391,-74.0968885,4.498391,-74.0968885,4.507641,-74.1063085,4.507641
83,-74.0968885,4.498391,-74.0874685,4.498391,-74.0874685,4.507641,-74.0968885,4.507641
84,-74.0874685,4.498391,-74.0780485,4.498391,-74.0780485,4.507641,-74.0874685,4.507641
85,-74.0780485,4.498391,-74.0686285,4.498391,-74.0686285,4.507641,-74.0780485,4.507641
86,-74.0686285,4.498391,-74.0592085,4.498391,-74.0592085,4.507641,-74.0686285,4.507641
87,-74.0592085,4.498391,-74.0497885,4.498391,-74.0497885,4.507641,-74.0592085,4.507641
88,-74.0497885,4.498391,-74.0403685,4.498391,-74.0403685,4.507641,-74.0497885,4.507641
89,-74.0403685,4.498391,-74.0309485,4.498391,-74.0309485,4.507641,-74.0403685,4.507641
90,-74.0309485,4.498391,-74.0215285,4.498391,-74.0215285,4.507641,-74.0309485,4.507641
91,-74.0215285,4.498391,-74.0121085,4.498391,-74.0121085,4.507641,-74.0215285,4.507641
92,-74.0121085,4.498391,-74.0026885,4.498391,-74.0026885,4.507641,-74.0121085,4.507641
93,-74.2193485,4.507641,-74.2099285,4.507641,-74.2099285,4.516891,-74.2193485,4.516891
94,-74.2099285,4.507641,-74.2005085,4.507641,-74.2005085,4.516891,-74.2099285,4.516891
95,-74.2005085,4.507641,-74.1910885,4.507641,-74.1910885,4.516891,-74.2005085,4.516891
96,-74.1910885,4.507641,-74.1816685,4.507641,-74.1816685,4.516891,-74.1910885,4.516891
97,-74.1816685,4.507641,-74.1722485,4.507641,-74.1722485,4.516891,-74.1816685,4.516891
98,-74.1722485,4.507641,-74.1628285,4.507641,-74.1628285,4.516891,-74.1722485,4.516891
99,-74.1628285,4.507641,-74.1534085,4.507641,-74.1534085,4.516891,-74.1628285,4.516891
100,-74.1534085,4.507641,-74.1439885,4.507641,-74.1439885,4.516891,-74.1534085,4.516891
101,-74.1439885,4.507641,-74.1345685,4.507641,-74.1345685,4.516891,-74.1439885,4.516891
102,-74.1345685,4.507641,-74.1251485,4.507641,-74.1251485,4.516891,-74.1345685,4.516891
103,-74.1251485,4.507641,-74.1157285,4.507641,-74.1157285,4.516891,-74.1251485,4.516891
104,-74.1157285,4.507641,-74.1063085,4.507641,-74.1063085,4.516891,-74.1157285,4.516891
105,-74.1063085,4.507641,-74.0968885,4.507641,-74.0968885,4.516891,-74.1063085,4.516891
106,-74.0968885,4.507641,-74.0874685,4.507641,-74.0874685,4.516891,-74.0968885,4.516891
107,-74.0874685,4.507641,-74.0780485,4.507641,-74.0780485,4.516891,-74.0874685,4.516891
108,-74.0780485,4.507641,-74.0686285,4.507641,-74.0686285,4.516891,-74.0780485,4.516891
109,-74.0686285,4.507641,-74.0592085,4.507641,-74.0592085,4.516891,-74.0686285,4.516891
110,-74.0592085,4.507641,-74.0497885,4.507641,-74.0497885,4.516891,-74.0592085,4.516891
111,-74.0497885,4.507641,-74.0403685,4.507641,-74.0403685,4.516891,-74.0497885,4.516891
112,-74.0403685,4.507641,-74.0309485,4.507641,-74.0309485,4.516891,-74.0403685,4.516891
113,-74.0309485,4.507641,-74.0215285,4.507641,-74.0215285,4.516891,-74.0309485,4.516891
114,-74.0215285,4.507641,-74.0121085,4.507641,-74.0121085,4.516891,-74.0215285,4.516891
115,-74.0121085,4.507641,-74.0026885,4.507641,-74.0026885,4.516891,-74.0121085,4.516891
116,-74.2193485,4.516891,-74.2099285,4.516891,-74.2099285,4.526141,-74.2193485,4.526141
117,-74.2099285,4.516891,-74.2005085,4.516891,-74.2005085,4.526141,-74.2099285,4.526141
118,-74.2005085,4.516891,-74.1910885,4.516891,-74.1910885,4.526141,-74.2005085,4.526141
119,-74.1910885,4.516891,-74.1816685,4.516891,-74.1816685,4.526141,-74.1910885,4.526141
120,-74.1816685,4.516891,-74.1722485,4.516891,-74.1722485,4.526141,-74.1816685,4.526141
121,-74.1722485,4.516891,-74.1628285,4.516891,-74.1628285,4.526141,-74.1722485,4.526141
122,-74.1628285,4.516891,-74.1534085,4.516891,-74.1534085,4.526141,-74.1628285,4.526141
123,-74.1534085,4.516891,-74.1439885,4.516891,-74.1439885,4.526141,-74.1534085,4.526141
124,-74.1439885,4.516891,-74.1345685,4.516891,-74.1345685,4.526141,-74.1439885,4.526141
125,-74.1345685,4.516891,-74.1251485,4.516891,-74.1251485,4.526141,-74.1345685,4.526141
126,-74.1251485,4.516891,-74.1157285,4.516891,-74.1157285,4.526141,-74.1251485,4.526141
127,-74.1157285,4.516891,-74.1063085,4.516891,-74.1063085,4.526141,-74.1157285,4.526141
128,-74.1063085,4.516891,-74.0968885,4.516891,-74.0968885,4.526141,-74.1063085,4.526141
129,-74.0968885,4.516891,-74.0874685,4.516891,-74.0874685,4.526141,-74.0968885,4.526141
130,-74.0874685,4.516891,-74.0780485,4.516891,-74.0780485,4.526141,-74.0874685,4.526141
131,-74.0780485,4.516891,-74.0686285,4.516891,-74.0686285,4.526141,-74.0780485,4.526141
132,-74.0686285,4.516891,-74.0592085,4.516891,-74.0592085,4.526141,-74.0686285,4.526141
133,-74.0592085,4.516891,-74.0497885,4.516891,-74.0497885,4.526141,-74.0592085,4.526141
134,-74.0497885,4.516891,-74.0403685,4.516891,-74.0403685,4.526141,-74.0497885,4.526141
135,-74.0403685,4.516891,-74.0309485,4.516891,-74.0309485,4.526141,-74.0403685,4.526141
136,-74.0309485,4.516891,-74.0215285,4.516891,-74.0215285,4.526141,-74.0309485,4.526141
137,-74.0215285,4.516891,-74.0121085,4.516891,-74.0121085,4.526141,-74.0215285,4.526141
138,-74.0121085,4.516891,-74.0026885,4.516891,-74.0026885,4.526141,-74.0121085,4.526141
139,-74.2193485,4.526141,-74.2099285,4.526141,-74.2099285,4.535391,-74.2193485,4.535391
140,-74.2099285,4.526141,-74.2005085,4.526141,-74.2005085,4.535391,-74.2099285,4.535391
141,-74.2005085,4.526141,-74.1910885,4.526141,-74.1910885,4.535391,-74.2005085,4.535391
142,-74.1910885,4.526141,-74.1816685,4.526141,-74.1816685,4.535391,-74.1910885,4.535391
143,-74.1816685,4.526141,-74.1722485,4.526141,-74.1722485,4.535391,-74.1816685,4.535391
144,-74.1722485,4.526141,-74.1628285,4.526141,-74.1628285,4.535391,-74.1722485,4.535391
145,-74.1628285,4.526141,-74.1534085,4.526141,-74.1534085,4.535391,-74.1628285,4.535391
146,-74.1534085,4.526141,-74.1439885,4.526141,-74.1439885,4.535391,-74.1534085,4.535391
147,-74.1439885,4.526141,-74.1345685,4.526141,-74.1345685,4.535391,-74.1439885,4.535391
148,-74.1345685,4.526141,-74.1251485,4.526141,-74.1251485,4.535391,-74.1345685,4.535391
149,-74.1251485,4.526141,-74.1157285,4.526141,-74.1157285,4.535391,-74.1251485,4.535391
150,-74.1157285,4.526141,-74.1063085,4.526141,-74.1063085,4.535391,-74.1157285,4.535391
151,-74.1063085,4.526141,-74.0968885,4.526141,-74.0968885,4.535391,-74.1063085,4.535391
152,-74.0968885,4.526141,-74.0874685,4.526141,-74.0874685,4.535391,-74.0968885,4.535391
153,-74.0874685,4.526141,-74.0780485,4.526141,-74.0780485,4.535391,-74.0874685,4.535391
154,-74.0780485,4.526141,-74.0686285,4.526141,-74.0686285,4.535391,-74.0780485,4.535391
155,-74.0686285,4.526141,-74.0592085,4.526141,-74.0592085,4.535391,-74.0686285,4.535391
156,-74.0592085,4.526141,-74.0497885,4.526141,-74.0497885,4.535391,-74.0592085,4.535391
157,-74.0497885,4.526141,-74.0403685,4.526141,-74.0403685,4.535391,-74.0497885,4.535391
158,-74.0403685,4.526141,-74.0309485,4.526141,-74.0309485,4.535391,-74.0403685,4.535391
159,-74.0309485,4.526141,-74.0215285,4.526141,-74.0215285,4.535391,-74.0309485,4.535391
160,-74.0215285,4.526141,-74.0121085,4.526141,-74.0121085,4.535391,-74.0215285,4.535391
161,-74.0121085,4.526141,-74.0026885,4.526141,-74.0026885,4.535391,-74.0121085,4.535391
162,-74.2193485,4.535391,-74.2099285,4.535391,-74.2099285,4.544641,-74.2193485,4.544641
163,-74.2099285,4.535391,-74.2005085,4.535391,-74.2005085,4.544641,-74.2099285,4.544641
164,-74.2005085,4.535391,-74.1910885,4.535391,-74.1910885,4.544641,-74.2005085,4.544641
165,-74.1910885,4.535391,-74.1816685,4.535391,-74.1816685,4.544641,-74.1910885,4.544641
166,-74.1816685,4.535391,-74.1722485,4.535391,-74.1722485,4.544641,-74.1816685,4.544641
167,-74.1722485,4.535391,-74.1628285,4.535391,-74.1628285,4.544641,-74.1722485,4.544641
168,-74.1628285,4.535391,-74.1534085,4.535391,-74.1534085,4.544641,-74.1628285,4.544641
169,-74.1534085,4.535391,-74.1439885,4.535391,-74.1439885,4.544641,-74.1534085,4.544641
170,-74.1439885,4.535391,-74.1345685,4.535391,-74.1345685,4.544641,-74.1439885,4.544641
171,-74.1345685,4.535391,-74.1251485,4.535391,-74.1251485,4.544641,-74.1345685,4.544641
172,-74.1251485,4.535391,-74.1157285,4.535391,-74.1157285,4.544641,-74.1251485,4.544641
173,-74.1157285,4.535391,-74.1063085,4.535391,-74.1063085,4.544641,-74.1157285,4.544641
174,-74.1063085,4.535391,-74.0968885,4.535391,-74.0968885,4.544641,-74.1063085,4.544641
175,-74.0968885,4.535391,-74.0874685,4.535391,-74.0874685,4.544641,-74.0968885,4.544641
176,-74.0874685,4.535391,-74.0780485,4.535391,-74.0780485,4.544641,-74.0874685,4.544641
177,-74.0780485,4.535391,-74.0686285,4.535391,-74.0686285,4.544641,-74.0780485,4.544641
178,-74.0686285,4.535391,-74.0592085,4.535391,-74.0592085,4.544641,-74.0686285,4.544641
179,-74.0592085,4.535391,-74.0497885,4.535391,-74.0497885,4.544641,-74.0592085,4.544641
180,-74.0497885,4.535391,-74.0403685,4.535391,-74.0403685,4.544641,-74.0497885,4.544641
181,-74.0403685,4.535391,-74.0309485,4.535391,-74.0309485,4.544641,-74.0403685,4.544641
182,-74.0309485,4.535391,-74.0215285,4.535391,-74.0215285,4.544641,-74.0309485,4.544641
183,-74.0215285,4.535391,-74.0121085,4.535391,-74.0121085,4.544641,-74.0215285,4.544641
184,-74.0121085,4.535391,-74.0026885,4.535391,-74.0026885,4.544641,-74.0121085,4.544641
185,-74.2193485,4.544641,-74.2099285,4.544641,-74.2099285,4.553891,-74.2193485,4.553891
186,-74.2099285,4.544641,-74.2005085,4.544641,-74.2005085,4.553891,-74.2099285,4.553891
187,-74.2005085,4.544641,-74.1910885,4.544641,-74.1910885,4.553891,-74.2005085,4.553891
188,-74.1910885,4.544641,-74.1816685,4.544641,-74.1816685,4.553891,-74.1910885,4.553891
189,-74.1816685,4.544641,-74.1722485,4.544641,-74.1722485,4.553891,-74.1816685,4.553891
190,-74.1722485,4.544641,-74.1628285,4.544641,-74.1628285,4.553891,-74.1722485,4.553891
191,-74.1628285,4.544641,-74.1534085,4.544641,-74.1534085,4.553891,-74.1628285,4.553891
192,-74.1534085,4.544641,-74.1439885,4.544641,-74.1439885,4.553891,-74.1534085,4.553891
193,-74.1439885,4.544641,-74.1345685,4.544641,-74.1345685,4.553891,-74.1439885,4.553891
194,-74.1345685,4.544641,-74.1251485,4.544641,-74.1251485,4.553891,-74.1345685,4.553891
195,-74.1251485,4.544641,-74.1157285,4.544641,-74.1157285,4.553891,-74.1251485,4.553891
196,-74.1157285,4.544641,-74.1063085,4.544641,-74.1063085,4.553891,-74.1157285,4.553891
197,-74.1063085,4.544641,-74.0968885,4.544641,-74.0968885,4.553891,-74.1063085,4.553891
198,-74.0968885,4.544641,-74.0874685,4.544641,-74.0874685,4.553891,-74.0968885,4.553891
199,-74.0874685,4.544641,-74.0780485,4.544641,-74.0780485,4.553891,-74.0874685,4.553891
200,-74.0780485,4.544641,-74.0686285,4.544641,-74.0686285,4.553891,-74.0780485,4.553891
201,-74.0686285,4.544641,-74.0592085,4.544641,-74.0592085,4.553891,-74.0686285,4.553891
202,-74.0592085,4.544641,-74.0497885,4.544641,-74.0497885,4.553891,-74.0592085,4.553891
203,-74.0497885,4.544641,-74.0403685,4.544641,-74.0403685,4.553891,-74.0497885,4.553891
204,-74.0403685,4.544641,-74.0309485,4.544641,-74.0309485,4.553891,-74.0403685,4.553891
205,-74.0309485,4.544641,-74.0215285,4.544641,-74.0215285,4.553891,-74.0309485,4.553891
206,-74.0215285,4.544641,-74.0121085,4.544641,-74.0121085,4.553891,-74.0215285,4.553891
207,-74.0121085,4.544641,-74.0026885,4.544641,-74.0026885,4.553891,-74.0121085,4.553891
208,-74.2193485,4.553891,-74.2099285,4.553891,-74.2099285,4.563141,-74.2193485,4.563141
209,-74.2099285,4.553891,-74.2005085,4.553891,-74.2005085,4.563141,-74.2099285,4.563141
210,-74.2005085,4.553891,-74.1910885,4.553891,-74.1910885,4.563141,-74.2005085,4.563141
211,-74.1910885,4.553891,-74.1816685,4.553891,-74.1816685,4.563141,-74.1910885,4.563141
212,-74.1816685,4.553891,-74.1722485,4.553891,-74.1722485,4.563141,-74.1816685,4.563141
213,-74.1722485,4.553891,-74.1628285,4.553891,-74.1628285,4.563141,-74.1722485,4.563141
214,-74.1628285,4.553891,-74.1534085,4.553891,-74.1534085,4.563141,-74.1628285,4.563141
215,-74.1534085,4.553891,-74.1439885,4.553891,-74.1439885,4.563141,-74.1534085,4.563141
216,-74.1439885,4.553891,-74.1345685,4.553891,-74.1345685,4.563141,-74.1439885,4.563141
217,-74.1345685,4.553891,-74.1251485,4.553891,-74.1251485,4.563141,-74.1345685,4.563141
218,-74.1251485,4.553891,-74.1157285,4.553891,-74.1157285,4.563141,-74.1251485,4.563141
219,-74.1157285,4.553891,-74.1063085,4.553891,-74.1063085,4.563141,-74.1157285,4.563141
220,-74.1063085,4.553891,-74.0968885,4.553891,-74.0968885,4.563141,-74.1063085,4.563141
221,-74.0968885,4.553891,-74.0874685,4.553891,-74.0874685,4.563141,-74.0968885,4.563141
222,-74.0874685,4.553891,-74.0780485,4.553891,-74.0780485,4.563141,-74.0874685,4.563141
223,-74.0780485,4.553891,-74.0686285,4.553891,-74.0686285,4.563141,-74.0780485,4.563141
224,-74.0686285,4.553891,-74.0592085,4.553891,-74.0592085,4.563141,-74.0686285,4.563141
225,-74.0592085,4.553891,-74.0497885,4.553891,-74.0497885,4.563141,-74.0592085,4.563141
226,-74.0497885,4.553891,-74.0403685,4.553891,-74.0403685,4.563141,-74.0497885,4.563141
227,-74.0403685,4.553891,-74.0309485,4.553891,-74.0309485,4.563141,-74.0403685,4.563141
228,-74.0309485,4.553891,-74.0215285,4.553891,-74.0215285,4.563141,-74.0309485,4.563141
229,-74.0215285,4.553891,-74.0121085,4.553891,-74.0121085,4.563141,-74.0215285,4.563141
230,-74.0121085,4.553891,-74.0026885,4.553891,-74.0026885,4.563141,-74.0121085,4.563141
231,-74.2193485,4.563141,-74.2099285,4.563141,-74.2099285,4.572391,-74.2193485,4.572391
232,-74.2099285,4.563141,-74.2005085,4.563141,-74.2005085,4.572391,-74.2099285,4.572391
233,-74.2005085,4.563141,-74.1910885,4.563141,-74.1910885,4.572391,-74.2005085,4.572391
234,-74.1910885,4.563141,-74.1816685,4.563141,-74.1816685,4.572391,-74.1910885,4.572391
235,-74.1816685,4.563141,-74.1722485,4.563141,-74.1722485,4.572391,-74.1816685,4.572391
236,-74.1722485,4.563141,-74.1628285,4.563141,-74.1628285,4.572391,-74.1722485,4.572391
237,-74.1628285,4.563141,-74.1534085,4.563141,-74.1534085,4.572391,-74.1628285,4.572391
238,-74.1534085,4.563141,-74.1439885,4.563141,-74.1439885,4.572391,-74.1534085,4.572391
239,-74.1439885,4.563141,-74.1345685,4.563141,-74.1345685,4.572391,-74.1439885,4.572391
240,-74.1345685,4.563141,-74.1251485,4.563141,-74.1251485,4.572391,-74.1345685,4.572391
241,-74.1251485,4.563141,-74.1157285,4.563141,-74.1157285,4.572391,-74.1251485,4.572391
242,-74.1157285,4.563141,-74.1063085,4.563141,-74.1063085,4.572391,-74.1157285,4.572391
243,-74.1063085,4.563141,-74.0968885,4.563141,-74.0968885,4.572391,-74.1063085,4.572391
244,-74.0968885,4.563141,-74.0874685,4.563141,-74.0874685,4.572391,-74.0968885,4.572391
245,-74.0874685,4.563141,-74.0780485,4.563141,-74.0780485,4.572391,-74.0874685,4.572391
246,-74.0780485,4.563141,-74.0686285,4.563141,-74.0686285,4.572391,-74.0780485,4.572391
247,-74.0686285,4.563141,-74.0592085,4.563141,-74.0592085,4.572391,-74.0686285,4.572391
248,-74.0592085,4.563141,-74.0497885,4.563141,-74.0497885,4.572391,-74.0592085,4.572391
249,-74.0497885,4.563141,-74.0403685,4.563141,-74.0403685,4.572391,-74.0497885,4.572391
250,-74.0403685,4.563141,-74.0309485,4.563141,-74.0309485,4.572391,-74.0403685,4.572391
251,-74.0309485,4.563141,-74.0215285,4.563141,-74.0215285,4.572391,-74.0309485,4.572391
252,-74.0215285,4.563141,-74.0121085,4.563141,-74.0121085,4.572391,-74.0215285,4.572391
253,-74.0121085,4.563141,-74.0026885,4.563141,-74.0026885,4.572391,-74.0121085,4.572391
254,-74.2193485,4.572391,-74.2099285,4.572391,-74.2099285,4.581641,-74.2193485,4.581641
255,-74.2099285,4.572391,-74.2005085,4.572391,-74.2005085,4.581641,-74.2099285,4.581641
256,-74.2005085,4.572391,-74.1910885,4.572391,-74.1910885,4.581641,-74.2005085,4.581641
257,-74.1910885,4.572391,-74.1816685,4.572391,-74.1816685,4.581641,-74.1910885,4.581641
258,-74.1816685,4.572391,-74.1722485,4.572391,-74.1722485,4.581641,-74.1816685,4.581641
259,-74.1722485,4.572391,-74.1628285,4.572391,-74.1628285,4.581641,-74.1722485,4.581641
260,-74.1628285,4.572391,-74.1534085,4.572391,-74.1534085,4.581641,-74.1628285,4.581641
261,-74.1534085,4.572391,-74.1439885,4.572391,-74.1439885,4.581641,-74.1534085,4.581641
262,-74.1439885,4.572391,-74.1345685,4.572391,-74.1345685,4.581641,-74.1439885,4.581641
263,-74.1345685,4.572391,-74.1251485,4.572391,-74.1251485,4.581641,-74.1345685,4.581641
264,-74.1251485,4.572391,-74.1157285,4.572391,-74.1157285,4.581641,-74.1251485,4.581641
265,-74.1157285,4.572391,-74.1063085,4.572391,-74.1063085,4.581641,-74.1157285,4.581641
266,-74.1063085,4.572391,-74.0968885,4.572391,-74.0968885,4.581641,-74.1063085,4.581641
267,-74.0968885,4.572391,-74.0874685,4.572391,-74.0874685,4.581641,-74.0968885,4.581641
268,-74.0874685,4.572391,-74.0780485,4.572391,-74.0780485,4.581641,-74.0874685,4.581641
269,-74.0780485,4.572391,-74.0686285,4.572391,-74.0686285,4.581641,-74.0780485,4.581641
270,-74.0686285,4.572391,-74.0592085,4.572391,-74.0592085,4.581641,-74.0686285,4.581641
271,-74.0592085,4.572391,-74.0497885,4.572391,-74.0497885,4.581641,-74.0592085,4.581641
272,-74.0497885,4.572391,-74.0403685,4.572391,-74.0403685,4.581641,-74.0497885,4.581641
273,-74.0403685,4.572391,-74.0309485,4.572391,-74.0309485,4.581641,-74.0403685,4.581641
274,-74.0309485,4.572391,-74.0215285,4.572391,-74.0215285,4.581641,-74.0309485,4.581641
275,-74.0215285,4.572391,-74.0121085,4.572391,-74.0121085,4.581641,-74.0215285,4.581641
276,-74.0121085,4.572391,-74.0026885,4.572391,-74.0026885,4.581641,-74.0121085,4.581641
277,-74.2193485,4.581641,-74.2099285,4.581641,-74.2099285,4.590891,-74.2193485,4.590891
278,-74.2099285,4.581641,-74.2005085,4.581641,-74.2005085,4.590891,-74.2099285,4.590891
279,-74.2005085,4.581641,-74.1910885,4.581641,-74.1910885,4.590891,-74.2005085,4.590891
280,-74.1910885,4.581641,-74.1816685,4.581641,-74.1816685,4.590891,-74.1910885,4.590891
281,-74.1816685,4.581641,-74.1722485,4.581641,-74.1722485,4.590891,-74.1816685,4.590891
282,-74.1722485,4.581641,-74.1628285,4.581641,-74.1628285,4.590891,-74.1722485,4.590891
283,-74.1628285,4.581641,-74.1534085,4.581641,-74.1534085,4.590891,-74.1628285,4.590891
284,-74.1534085,4.581641,-74.1439885,4.581641,-74.1439885,4.590891,-74.1534085,4.590891
285,-74.1439885,4.581641,-74.1345685,4.581641,-74.1345685,4.590891,-74.1439885,4.590891
286,-74.1345685,4.581641,-74.1251485,4.581641,-74.1251485,4.590891,-74.1345685,4.590891
287,-74.1251485,4.581641,-74.1157285,4.581641,-74.1157285,4.590891,-74.1251485,4.590891
288,-74.1157285,4.581641,-74.1063085,4.581641,-74.1063085,4.590891,-74.1157285,4.590891
289,-74.1063085,4.581641,-74.0968885,4.581641,-74.0968885,4.590891,-74.1063085,4.590891
290,-74.0968885,4.581641,-74.0874685,4.581641,-74.0874685,4.590891,-74.0968885,4.590891
291,-74.0874685,4.581641,-74.0780485,4.581641,-74.0780485,4.590891,-74.0874685,4.590891
292,-74.0780485,4.581641,-74.0686285,4.581641,-74.0686285,4.590891,-74.0780485,4.590891
293,-74.0686285,4.581641,-74.0592085,4.581641,-74.0592085,4.590891,-74.0686285,4.590891
294,-74.0592085,4.581641,-74.0497885,4.581641,-74.0497885,4.590891,-74.0592085,4.590891
295,-74.0497885,4.581641,-74.0403685,4.581641,-74.0403685,4.590891,-74.0497885,4.590891
296,-74.0403685,4.581641,-74.0309485,4.581641,-74.0309485,4.590891,-74.0403685,4.590891
297,-74.0309485,4.581641,-74.0215285,4.581641,-74.0215285,4.590891,-74.0309485,4.590891
298,-74.0215285,4.581641,-74.0121085,4.581641,-74.0121085,4.590891,-74.0215285,4.590891
299,-74.0121085,4.581641,-74.0026885,4.581641,-74.0026885,4.590891,-74.0121085,4.590891
300,-74.2193485,4.590891,-74.2099285,4.590891,-74.2099285,4.600141,-74.2193485,4.600141
301,-74.2099285,4.590891,-74.2005085,4.590891,-74.2005085,4.600141,-74.2099285,4.600141
302,-74.2005085,4.590891,-74.1910885,4.590891,-74.1910885,4.600141,-74.2005085,4.600141
303,-74.1910885,4.590891,-74.1816685,4.590891,-74.1816685,4.600141,-74.1910885,4.600141
304,-74.1816685,4.590891,-74.1722485,4.590891,-74.1722485,4.600141,-74.1816685,4.600141
305,-74.1722485,4.590891,-74.1628285,4.590891,-74.1628285,4.600141,-74.1722485,4.600141
306,-74.1628285,4.590891,-74.1534085,4.590891,-74.1534085,4.600141,-74.1628285,4.600141
307,-74.1534085,4.590891,-74.1439885,4.590891,-74.1439885,4.600141,-74.1534085,4.600141
308,-74.1439885,4.590891,-74.1345685,4.590891,-74.1345685,4.600141,-74.1439885,4.600141
309,-74.1345685,4.590891,-74.1251485,4.590891,-74.1251485,4.600141,-74.1345685,4.600141
310,-74.1251485,4.590891,-74.1157285,4.590891,-74.1157285,4.600141,-74.1251485,4.600141
311,-74.1157285,4.590891,-74.1063085,4.590891,-74.1063085,4.600141,-74.1157285,4.600141
312,-74.1063085,4.590891,-74.0968885,4.590891,-74.0968885,4.600141,-74.1063085,4.600141
313,-74.0968885,4.590891,-74.0874685,4.590891,-74.0874685,4.600141,-74.0968885,4.600141
314,-74.0874685,4.590891,-74.0780485,4.590891,-74.0780485,4.600141,-74.0874685,4.600141
315,-74.0780485,4.590891,-74.0686285,4.590891,-74.0686285,4.600141,-74.0780485,4.600141
316,-74.0686285,4.590891,-74.0592085,4.590891,-74.0592085,4.600141,-74.0686285,4.600141
317,-74.0592085,4.590891,-74.0497885,4.590891,-74.0497885,4.600141,-74.0592085,4.600141
318,-74.0497885,4.590891,-74.0403685,4.590891,-74.0403685,4.600141,-74.0497885,4.600141
319,-74.0403685,4.590891,-74.0309485,4.590891,-74.0309485,4.600141,-74.0403685,4.600141
320,-74.0309485,4.590891,-74.0215285,4.590891,-74.0215285,4.600141,-74.0309485,4.600141
321,-74.0215285,4.590891,-74.0121085,4.590891,-74.0121085,4.600141,-74.0215285,4.600141
322,-74.0121085,4.590891,-74.0026885,4.590891,-74.0026885,4.600141,-74.0121085,4.600141
323,-74.2193485,4.600141,-74.2099285,4.600141,-74.2099285,4.609391,-74.2193485,4.609391
324,-74.2099285,4.600141,-74.2005085,4.600141,-74.2005085,4.609391,-74.2099285,4.609391
325,-74.2005085,4.600141,-74.1910885,4.600141,-74.1910885,4.609391,-74.2005085,4.609391
326,-74.1910885,4.600141,-74.1816685,4.600141,-74.1816685,4.609391,-74.1910885,4.609391
327,-74.1816685,4.600141,-74.1722485,4.600141,-74.1722485,4.609391,-74.1816685,4.609391
328,-74.1722485,4.600141,-74.1628285,4.600141,-74.1628285,4.609391,-74.1722485,4.609391
329,-74.1628285,4.600141,-74.1534085,4.600141,-74.1534085,4.609391,-74.1628285,4.609391
330,-74.1534085,4.600141,-74.1439885,4.600141,-74.1439885,4.609391,-74.1534085,4.609391
331,-74.1439885,4.600141,-74.1345685,4.600141,-74.1345685,4.609391,-74.1439885,4.609391
332,-74.1345685,4.600141,-74.1251485,4.600141,-74.1251485,4.609391,-74.1345685,4.609391
333,-74.1251485,4.600141,-74.1157285,4.600141,-74.1157285,4.609391,-74.1251485,4.609391
334,-74.1157285,4.600141,-74.1063085,4.600141,-74.1063085,4.609391,-74.1157285,4.609391
335,-74.1063085,4.600141,-74.0968885,4.600141,-74.0968885,4.609391,-74.1063085,4.609391
336,-74.0968885,4.600141,-74.0874685,4.600141,-74.0874685,4.609391,-74.0968885,4.609391
337,-74.0874685,4.600141,-74.0780485,4.600141,-74.0780485,4.609391,-74.0874685,4.609391
338,-74.0780485,4.600141,-74.0686285,4.600141,-74.0686285,4.609391,-74.0780485,4.609391
339,-74.0686285,4.600141,-74.0592085,4.600141,-74.0592085,4.609391,-74.0686285,4.609391
340,-74.0592085,4.600141,-74.0497885,4.600141,-74.0497885,4.609391,-74.0592085,4.609391
341,-74.0497885,4.600141,-74.0403685,4.600141,-74.0403685,4.609391,-74.0497885,4.609391
342,-74.0403685,4.600141,-74.0309485,4.600141,-74.0309485,4.609391,-74.0403685,4.609391
343,-74.0309485,4.600141,-74.0215285,4.600141,-74.0215285,4.609391,-74.0309485,4.609391
344,-74.0215285,4.600141,-74.0121085,4.600141,-74.0121085,4.609391,-74.0215285,4.609391
345,-74.0121085,4.600141,-74.0026885,4.600141,-74.0026885,4.609391,-74.0121085,4.609391
346,-74.2193485,4.609391,-74.2099285,4.609391,-74.2099285,4.618641,-74.2193485,4.618641
347,-74.2099285,4.609391,-74.2005085,4.609391,-74.2005085,4.618641,-74.2099285,4.618641
348,-74.2005085,4.609391,-74.1910885,4.609391,-74.1910885,4.618641,-74.2005085,4.618641
349,-74.1910885,4.609391,-74.1816685,4.609391,-74.1816685,4.618641,-74.1910885,4.618641
350,-74.1816685,4.609391,-74.1722485,4.609391,-74.1722485,4.618641,-74.1816685,4.618641
351,-74.1722485,4.609391,-74.1628285,4.609391,-74.1628285,4.618641,-74.1722485,4.618641
352,-74.1628285,4.609391,-74.1534085,4.609391,-74.1534085,4.618641,-74.1628285,4.618641
353,-74.1534085,4.609391,-74.1439885,4.609391,-74.1439885,4.618641,-74.1534085,4.618641
354,-74.1439885,4.609391,-74.1345685,4.609391,-74.1345685,4.618641,-74.1439885,4.618641
355,-74.1345685,4.609391,-74.1251485,4.609391,-74.1251485,4.618641,-74.1345685,4.618641
356,-74.1251485,4.609391,-74.1157285,4.609391,-74.1157285,4.618641,-74.1251485,4.618641
357,-74.1157285,4.609391,-74.1063085,4.609391,-74.1063085,4.618641,-74.1157285,4.618641
358,-74.1063085,4.609391,-74.0968885,4.609391,-74.0968885,4.618641,-74.1063085,4.618641
359,-74.0968885,4.609391,-74.0874685,4.609391,-74.0874685,4.618641,-74.0968885,4.618641
360,-74.0874685,4.609391,-74.0780485,4.609391,-74.0780485,4.618641,-74.0874685,4.618641
361,-74.0780485,4.609391,-74.0686285,4.609391,-74.0686285,4.618641,-74.0780485,4.618641
362,-74.0686285,4.609391,-74.0592085,4.609391,-74.0592085,4.618641,-74.0686285,4.618641
363,-74.0592085,4.609391,-74.0497885,4.609391,-74.0497885,4.618641,-74.0592085,4.618641
364,-74.0497885,4.609391,-74.0403685,4.609391,-74.0403685,4.618641,-74.0497885,4.618641
365,-74.0403685,4.609391,-74.0309485,4.609391,-74.0309485,4.618641,-74.0403685,4.618641
366,-74.0309485,4.609391,-74.0215285,4.609391,-74.0215285,4.618641,-74.0309485,4.618641
367,-74.0215285,4.609391,-74.0121085,4.609391,-74.0121085,4.618641,-74.0215285,4.618641
368,-74.0121085,4.609391,-74.0026885,4.609391,-74.0026885,4.618641,-74.0121085,4.618641
369,-74.2193485,4.618641,-74.2099285,4.618641,-74.2099285,4.627891,-74.2193485,4.627891
370,-74.2099285,4.618641,-74.2005085,4.618641,-74.2005085,4.627891,-74.2099285,4.627891
371,-74.2005085,4.618641,-74.1910885,4.618641,-74.1910885,4.627891,-74.2005085,4.627891
372,-74.1910885,4.618641,-74.1816685,4.618641,-74.1816685,4.627891,-74.1910885,4.627891
373,-74.1816685,4.618641,-74.1722485,4.618641,-74.1722485,4.627891,-74.1816685,4.627891
374,-74.1722485,4.618641,-74.1628285,4.618641,-74.1628285,4.627891,-74.1722485,4.627891
375,-74.1628285,4.618641,-74.1534085,4.618641,-74.1534085,4.627891,-74.1628285,4.627891
376,-74.1534085,4.618641,-74.1439885,4.618641,-74.1439885,4.627891,-74.1534085,4.627891
377,-74.1439885,4.618641,-74.1345685,4.618641,-74.1345685,4.627891,-74.1439885,4.627891
378,-74.1345685,4.618641,-74.1251485,4.618641,-74.1251485,4.627891,-74.1345685,4.627891
379,-74.1251485,4.618641,-74.1157285,4.618641,-74.1157285,4.627891,-74.1251485,4.627891
380,-74.1157285,4.618641,-74.1063085,4.618641,-74.1063085,4.627891,-74.1157285,4.627891
381,-74.1063085,4.618641,-74.0968885,4.618641,-74.0968885,4.627891,-74.1063085,4.627891
382,-74.0968885,4.618641,-74.0874685,4.618641,-74.0874685,4.627891,-74.0968885,4.627891
383,-74.0874685,4.618641,-74.0780485,4.618641,-74.0780485,4.627891,-74.0874685,4.627891
384,-74.0780485,4.618641,-74.0686285,4.618641,-74.0686285,4.627891,-74.0780485,4.627891
385,-74.0686285,4.618641,-74.0592085,4.618641,-74.0592085,4.627891,-74.0686285,4.627891
386,-74.0592085,4.618641,-74.0497885,4.618641,-74.0497885,4.627891,-74.0592085,4.627891
387,-74.0497885,4.618641,-74.0403685,4.618641,-74.0403685,4.627891,-74.0497885,4.627891
388,-74.0403685,4.618641,-74.0309485,4.618641,-74.0309485,4.627891,-74.0403685,4.627891
389,-74.0309485,4.618641,-74.0215285,4.618641,-74.0215285,4.627891,-74.0309485,4.627891
390,-74.0215285,4.618641,-74.0121085,4.618641,-74.0121085,4.627891,-74.0215285,4.627891
391,-74.0121085,4.618641,-74.0026885,4.618641,-74.0026885,4.627891,-74.0121085,4.627891
392,-74.2193485,4.627891,-74.2099285,4.627891,-74.2099285,4.637141,-74.2193485,4.637141
393,-74.2099285,4.627891,-74.2005085,4.627891,-74.2005085,4.637141,-74.2099285,4.637141
394,-74.2005085,4.627891,-74.1910885,4.627891,-74.1910885,4.637141,-74.2005085,4.637141
395,-74.1910885,4.627891,-74.1816685,4.627891,-74.1816685,4.637141,-74.1910885,4.637141
396,-74.1816685,4.627891,-74.1722485,4.627891,-74.1722485,4.637141,-74.1816685,4.637141
397,-74.1722485,4.627891,-74.1628285,4.627891,-74.1628285,4.637141,-74.1722485,4.637141
398,-74.1628285,4.627891,-74.1534085,4.627891,-74.1534085,4.637141,-74.1628285,4.637141
399,-74.1534085,4.627891,-74.1439885,4.627891,-74.1439885,4.637141,-74.1534085,4.637141
400,-74.1439885,4.627891,-74.1345685,4.627891,-74.1345685,4.637141,-74.1439885,4.637141
401,-74.1345685,4.627891,-74.1251485,4.627891,-74.1251485,4.637141,-74.1345685,4.637141
402,-74.1251485,4.627891,-74.1157285,4.627891,-74.1157285,4.637141,-74.1251485,4.637141
403,-74.1157285,4.627891,-74.1063085,4.627891,-74.1063085,4.637141,-74.1157285,4.637141
404,-74.1063085,4.627891,-74.0968885,4.627891,-74.0968885,4.637141,-74.1063085,4.637141
405,-74.0968885,4.627891,-74.0874685,4.627891,-74.0874685,4.637141,-74.0968885,4.637141
406,-74.0874685,4.627891,-74.0780485,4.627891,-74.0780485,4.637141,-74.0874685,4.637141
407,-74.0780485,4.627891,-74.0686285,4.627891,-74.0686285,4.637141,-74.0780485,4.637141
408,-74.0686285,4.627891,-74.0592085,4.627891,-74.0592085,4.637141,-74.0686285,4.637141
409,-74.0592085,4.627891,-74.0497885,4.627891,-74.0497885,4.637141,-74.0592085,4.637141
410,-74.0497885,4.627891,-74.0403685,4.627891,-74.0403685,4.637141,-74.0497885,4.637141
411,-74.0403685,4.627891,-74.0309485,4.627891,-74.0309485,4.637141,-74.0403685,4.637141
412,-74.0309485,4.627891,-74.0215285,4.627891,-74.0215285,4.637141,-74.0309485,4.637141
413,-74.0215285,4.627891,-74.0121085,4.627891,-74.0121085,4.637141,-74.0215285,4.637141
414,-74.0121085,4.627891,-74.0026885,4.627891,-74.0026885,4.637141,-74.0121085,4.637141
415,-74.2193485,4.637141,-74.2099285,4.637141,-74.2099285,4.646391,-74.2193485,4.646391
416,-74.2099285,4.637141,-74.2005085,4.637141,-74.2005085,4.646391,-74.2099285,4.646391
417,-74.2005085,4.637141,-74.1910885,4.637141,-74.1910885,4.646391,-74.2005085,4.646391
418,-74.1910885,4.637141,-74.1816685,4.637141,-74.1816685,4.646391,-74.1910885,4.646391
419,-74.1816685,4.637141,-74.1722485,4.637141,-74.1722485,4.646391,-74.1816685,4.646391
420,-74.1722485,4.637141,-74.1628285,4.637141,-74.1628285,4.646391,-74.1722485,4.646391
421,-74.1628285,4.637141,-74.1534085,4.637141,-74.1534085,4.646391,-74.1628285,4.646391
422,-74.1534085,4.637141,-74.1439885,4.637141,-74.1439885,4.646391,-74.1534085,4.646391
423,-74.1439885,4.637141,-74.1345685,4.637141,-74.1345685,4.646391,-74.1439885,4.646391
424,-74.1345685,4.637141,-74.1251485,4.637141,-74.1251485,4.646391,-74.1345685,4.646391
425,-74.1251485,4.637141,-74.1157285,4.637141,-74.1157285,4.646391,-74.1251485,4.646391
426,-74.1157285,4.637141,-74.1063085,4.637141,-74.1063085,4.646391,-74.1157285,4.646391
427,-74.1063085,4.637141,-74.0968885,4.637141,-74.0968885,4.646391,-74.1063085,4.646391
428,-74.0968885,4.637141,-74.0874685,4.637141,-74.0874685,4.646391,-74.0968885,4.646391
429,-74.0874685,4.637141,-74.0780485,4.637141,-74.0780485,4.646391,-74.0874685,4.646391
430,-74.0780485,4.637141,-74.0686285,4.637141,-74.0686285,4.646391,-74.0780485,4.646391
431,-74.0686285,4.637141,-74.0592085,4.637141,-74.0592085,4.646391,-74.0686285,4.646391
432,-74.0592085,4.637141,-74.0497885,4.637141,-74.0497885,4.646391,-74.0592085,4.646391
433,-74.0497885,4.637141,-74.0403685,4.637141,-74.0403685,4.646391,-74.0497885,4.646391
434,-74.0403685,4.637141,-74.0309485,4.637141,-74.0309485,4.646391,-74.0403685,4.646391
435,-74.0309485,4.637141,-74.0215285,4.637141,-74.0215285,4.646391,-74.0309485,4.646391
436,-74.0215285,4.637141,-74.0121085,4.637141,-74.0121085,4.646391,-74.0215285,4.646391
437,-74.0121085,4.637141,-74.0026885,4.637141,-74.0026885,4.646391,-74.0121085,4.646391
438,-74.2193485,4.646391,-74.2099285,4.646391,-74.2099285,4.655641,-74.2193485,4.655641
439,-74.2099285,4.646391,-74.2005085,4.646391,-74.2005085,4.655641,-74.2099285,4.655641
440,-74.2005085,4.646391,-74.1910885,4.646391,-74.1910885,4.655641,-74.2005085,4.655641
441,-74.1910885,4.646391,-74.1816685,4.646391,-74.1816685,4.655641,-74.1910885,4.655641
442,-74.1816685,4.646391,-74.1722485,4.646391,-74.1722485,4.655641,-74.1816685,4.655641
443,-74.1722485,4.646391,-74.1628285,4.646391,-74.1628285,4.655641,-74.1722485,4.655641
444,-74.1628285,4.646391,-74.1534085,4.646391,-74.1534085,4.655641,-74.1628285,4.655641
445,-74.1534085,4.646391,-74.1439885,4.646391,-74.1439885,4.655641,-74.1534085,4.655641
446,-74.1439885,4.646391,-74.1345685,4.646391,-74.1345685,4.655641,-74.1439885,4.655641
447,-74.1345685,4.646391,-74.1251485,4.646391,-74.1251485,4.655641,-74.1345685,4.655641
448,-74.1251485,4.646391,-74.1157285,4.646391,-74.1157285,4.655641,-74.1251485,4.655641
449,-74.1157285,4.646391,-74.1063085,4.646391,-74.1063085,4.655641,-74.1157285,4.655641
450,-74.1063085,4.646391,-74.0968885,4.646391,-74.0968885,4.655641,-74.1063085,4.655641
451,-74.0968885,4.646391,-74.0874685,4.646391,-74.0874685,4.655641,-74.0968885,4.655641
452,-74.0874685,4.646391,-74.0780485,4.646391,-74.0780485,4.655641,-74.0874685,4.655641
453,-74.0780485,4.646391,-74.0686285,4.646391,-74.0686285,4.655641,-74.0780485,4.655641
454,-74.0686285,4.646391,-74.0592085,4.646391,-74.0592085,4.655641,-74.0686285,4.655641
455,-74.0592085,4.646391,-74.0497885,4.646391,-74.0497885,4.655641,-74.0592085,4.655641
456,-74.0497885,4.646391,-74.0403685,4.646391,-74.0403685,4.655641,-74.0497885,4.655641
457,-74.0403685,4.646391,-74.0309485,4.646391,-74.0309485,4.655641,-74.0403685,4.655641
458,-74.0309485,4.646391,-74.0215285,4.646391,-74.0215285,4.655641,-74.0309485,4.655641
459,-74.0215285,4.646391,-74.0121085,4.646391,-74.0121085,4.655641,-74.0215285,4.655641
460,-74.0121085,4.646391,-74.0026885,4.646391,-74.0026885,4.655641,-74.0121085,4.655641
461,-74.2193485,4.655641,-74.2099285,4.655641,-74.2099285,4.664891,-74.2193485,4.664891
462,-74.2099285,4.655641,-74.2005085,4.655641,-74.2005085,4.664891,-74.2099285,4.664891
463,-74.2005085,4.655641,-74.1910885,4.655641,-74.1910885,4.664891,-74.2005085,4.664891
464,-74.1910885,4.655641,-74.1816685,4.655641,-74.1816685,4.664891,-74.1910885,4.664891
465,-74.1816685,4.655641,-74.1722485,4.655641,-74.1722485,4.664891,-74.1816685,4.664891
466,-74.1722485,4.655641,-74.1628285,4.655641,-74.1628285,4.664891,-74.1722485,4.664891
467,-74.1628285,4.655641,-74.1534085,4.655641,-74.1534085,4.664891,-74.1628285,4.664891
468,-74.1534085,4.655641,-74.1439885,4.655641,-74.1439885,4.664891,-74.1534085,4.664891
469,-74.1439885,4.655641,-74.1345685,4.655641,-74.1345685,4.664891,-74.1439885,4.664891
470,-74.1345685,4.655641,-74.1251485,4.655641,-74.1251485,4.664891,-74.1345685,4.664891
471,-74.1251485,4.655641,-74.1157285,4.655641,-74.1157285,4.664891,-74.1251485,4.664891
472,-74.1157285,4.655641,-74.1063085,4.655641,-74.1063085,4.664891,-74.1157285,4.664891
473,-74.1063085,4.655641,-74.0968885,4.655641,-74.0968885,4.664891,-74.1063085,4.664891
474,-74.0968885,4.655641,-74.0874685,4.655641,-74.0874685,4.664891,-74.0968885,4.664891
475,-74.0874685,4.655641,-74.0780485,4.655641,-74.0780485,4.664891,-74.0874685,4.664891
476,-74.0780485,4.655641,-74.0686285,4.655641,-74.0686285,4.664891,-74.0780485,4.664891
477,-74.0686285,4.655641,-74.0592085,4.655641,-74.0592085,4.664891,-74.0686285,4.664891
478,-74.0592085,4.655641,-74.0497885,4.655641,-74.0497885,4.664891,-74.0592085,4.664891
479,-74.0497885,4.655641,-74.0403685,4.655641,-74.0403685,4.664891,-74.0497885,4.664891
480,-74.0403685,4.655641,-74.0309485,4.655641,-74.0309485,4.664891,-74.0403685,4.664891
481,-74.0309485,4.655641,-74.0215285,4.655641,-74.0215285,4.664891,-74.0309485,4.664891
482,-74.0215285,4.655641,-74.0121085,4.655641,-74.0121085,4.664891,-74.0215285,4.664891
483,-74.0121085,4.655641,-74.0026885,4.655641,-74.0026885,4.664891,-74.0121085,4.664891
484,-74.2193485,4.664891,-74.2099285,4.664891,-74.2099285,4.674141,-74.2193485,4.674141
485,-74.2099285,4.664891,-74.2005085,4.664891,-74.2005085,4.674141,-74.2099285,4.674141
486,-74.2005085,4.664891,-74.1910885,4.664891,-74.1910885,4.674141,-74.2005085,4.674141
487,-74.1910885,4.664891,-74.1816685,4.664891,-74.1816685,4.674141,-74.1910885,4.674141
488,-74.1816685,4.664891,-74.1722485,4.664891,-74.1722485,4.674141,-74.1816685,4.674141
489,-74.1722485,4.664891,-74.1628285,4.664891,-74.1628285,4.674141,-74.1722485,4.674141
490,-74.1628285,4.664891,-74.1534085,4.664891,-74.1534085,4.674141,-74.1628285,4.674141
491,-74.1534085,4.664891,-74.1439885,4.664891,-74.1439885,4.674141,-74.1534085,4.674141
492,-74.1439885,4.664891,-74.1345685,4.664891,-74.1345685,4.674141,-74.1439885,4.674141
493,-74.1345685,4.664891,-74.1251485,4.664891,-74.1251485,4.674141,-74.1345685,4.674141
494,-74.1251485,4.664891,-74.1157285,4.664891,-74.1157285,4.674141,-74.1251485,4.674141
495,-74.1157285,4.664891,-74.1063085,4.664891,-74.1063085,4.674141,-74.1157285,4.674141
496,-74.1063085,4.664891,-74.0968885,4.664891,-74.0968885,4.674141,-74.1063085,4.674141
497,-74.0968885,4.664891,-74.0874685,4.664891,-74.0874685,4.674141,-74.0968885,4.674141
498,-74.0874685,4.664891,-74.0780485,4.664891,-74.0780485,4.674141,-74.0874685,4.674141
499,-74.0780485,4.664891,-74.0686285,4.664891,-74.0686285,4.674141,-74.0780485,4.674141
500,-74.0686285,4.664891,-74.0592085,4.664891,-74.0592085,4.674141,-74.0686285,4.674141
501,-74.0592085,4.664891,-74.0497885,4.664891,-74.0497885,4.674141,-74.0592085,4.674141
502,-74.0497885,4.664891,-74.0403685,4.664891,-74.0403685,4.674141,-74.0497885,4.674141
503,-74.0403685,4.664891,-74.0309485,4.664891,-74.0309485,4.674141,-74.0403685,4.674141
504,-74.0309485,4.664891,-74.0215285,4.664891,-74.0215285,4.674141,-74.0309485,4.674141
505,-74.0215285,4.664891,-74.0121085,4.664891,-74.0121085,4.674141,-74.0215285,4.674141
506,-74.0121085,4.664891,-74.0026885,4.664891,-74.0026885,4.674141,-74.0121085,4.674141
507,-74.2193485,4.674141,-74.2099285,4.674141,-74.2099285,4.683391,-74.2193485,4.683391
508,-74.2099285,4.674141,-74.2005085,4.674141,-74.2005085,4.683391,-74.2099285,4.683391
509,-74.2005085,4.674141,-74.1910885,4.674141,-74.1910885,4.683391,-74.2005085,4.683391
510,-74.1910885,4.674141,-74.1816685,4.674141,-74.1816685,4.683391,-74.1910885,4.683391
511,-74.1816685,4.674141,-74.1722485,4.674141,-74.1722485,4.683391,-74.1816685,4.683391
512,-74.1722485,4.674141,-74.1628285,4.674141,-74.1628285,4.683391,-74.1722485,4.683391
513,-74.1628285,4.674141,-74.1534085,4.674141,-74.1534085,4.683391,-74.1628285,4.683391
514,-74.1534085,4.674141,-74.1439885,4.674141,-74.1439885,4.683391,-74.1534085,4.683391
515,-74.1439885,4.674141,-74.1345685,4.674141,-74.1345685,4.683391,-74.1439885,4.683391
516,-74.1345685,4.674141,-74.1251485,4.674141,-74.1251485,4.683391,-74.1345685,4.683391
517,-74.1251485,4.674141,-74.1157285,4.674141,-74.1157285,4.683391,-74.1251485,4.683391
518,-74.1157285,4.674141,-74.1063085,4.674141,-74.1063085,4.683391,-74.1157285,4.683391
519,-74.1063085,4.674141,-74.0968885,4.674141,-74.0968885,4.683391,-74.1063085,4.683391
520,-74.0968885,4.674141,-74.0874685,4.674141,-74.0874685,4.683391,-74.0968885,4.683391
521,-74.0874685,4.674141,-74.0780485,4.674141,-74.0780485,4.683391,-74.0874685,4.683391
522,-74.0780485,4.674141,-74.0686285,4.674141,-74.0686285,4.683391,-74.0780485,4.683391
523,-74.0686285,4.674141,-74.0592085,4.674141,-74.0592085,4.683391,-74.0686285,4.683391
524,-74.0592085,4.674141,-74.0497885,4.674141,-74.0497885,4.683391,-74.0592085,4.683391
525,-74.0497885,4.674141,-74.0403685,4.674141,-74.0403685,4.683391,-74.0497885,4.683391
526,-74.0403685,4.674141,-74.0309485,4.674141,-74.0309485,4.683391,-74.0403685,4.683391
527,-74.0309485,4.674141,-74.0215285,4.674141,-74.0215285,4.683391,-74.0309485,4.683391
528,-74.0215285,4.674141,-74.0121085,4.674141,-74.0121085,4.683391,-74.0215285,4.683391
529,-74.0121085,4.674141,-74.0026885,4.674141,-74.0026885,4.683391,-74.0121085,4.683391
530,-74.2193485,4.683391,-74.2099285,4.683391,-74.2099285,4.692641,-74.2193485,4.692641
531,-74.2099285,4.683391,-74.2005085,4.683391,-74.2005085,4.692641,-74.2099285,4.692641
532,-74.2005085,4.683391,-74.1910885,4.683391,-74.1910885,4.692641,-74.2005085,4.692641
533,-74.1910885,4.683391,-74.1816685,4.683391,-74.1816685,4.692641,-74.1910885,4.692641
534,-74.1816685,4.683391,-74.1722485,4.683391,-74.1722485,4.692641,-74.1816685,4.692641
535,-74.1722485,4.683391,-74.1628285,4.683391,-74.1628285,4.692641,-74.1722485,4.692641
536,-74.1628285,4.683391,-74.1534085,4.683391,-74.1534085,4.692641,-74.1628285,4.692641
537,-74.1534085,4.683391,-74.1439885,4.683391,-74.1439885,4.692641,-74.1534085,4.692641
538,-74.1439885,4.683391,-74.1345685,4.683391,-74.1345685,4.692641,-74.1439885,4.692641
539,-74.1345685,4.683391,-74.1251485,4.683391,-74.1251485,4.692641,-74.1345685,4.692641
540,-74.1251485,4.683391,-74.1157285,4.683391,-74.1157285,4.692641,-74.1251485,4.692641
541,-74.1157285,4.683391,-74.1063085,4.683391,-74.1063085,4.692641,-74.1157285,4.692641
542,-74.1063085,4.683391,-74.0968885,4.683391,-74.0968885,4.692641,-74.1063085,4.692641
543,-74.0968885,4.683391,-74.0874685,4.683391,-74.0874685,4.692641,-74.0968885,4.692641
544,-74.0874685,4.683391,-74.0780485,4.683391,-74.0780485,4.692641,-74.0874685,4.692641
545,-74.0780485,4.683391,-74.0686285,4.683391,-74.0686285,4.692641,-74.0780485,4.692641
546,-74.0686285,4.683391,-74.0592085,4.683391,-74.0592085,4.692641,-74.0686285,4.692641
547,-74.0592085,4.683391,-74.0497885,4.683391,-74.0497885,4.692641,-74.0592085,4.692641
548,-74.0497885,4.683391,-74.0403685,4.683391,-74.0403685,4.692641,-74.0497885,4.692641
549,-74.0403685,4.683391,-74.0309485,4.683391,-74.0309485,4.692641,-74.0403685,4.692641
550,-74.0309485,4.683391,-74.0215285,4.683391,-74.0215285,4.692641,-74.0309485,4.692641
551,-74.0215285,4.683391,-74.0121085,4.683391,-74.0121085,4.692641,-74.0215285,4.692641
552,-74.0121085,4.683391,-74.0026885,4.683391,-74.0026885,4.692641,-74.0121085,4.692641
553,-74.2193485,4.692641,-74.2099285,4.692641,-74.2099285,4.701891,-74.2193485,4.701891
554,-74.2099285,4.692641,-74.2005085,4.692641,-74.2005085,4.701891,-74.2099285,4.701891
555,-74.2005085,4.692641,-74.1910885,4.692641,-74.1910885,4.701891,-74.2005085,4.701891
556,-74.1910885,4.692641,-74.1816685,4.692641,-74.1816685,4.701891,-74.1910885,4.701891
557,-74.1816685,4.692641,-74.1722485,4.692641,-74.1722485,4.701891,-74.1816685,4.701891
558,-74.1722485,4.692641,-74.1628285,4.692641,-74.1628285,4.701891,-74.1722485,4.701891
559,-74.1628285,4.692641,-74.1534085,4.692641,-74.1534085,4.701891,-74.1628285,4.701891
560,-74.1534085,4.692641,-74.1439885,4.692641,-74.1439885,4.701891,-74.1534085,4.701891
561,-74.1439885,4.692641,-74.1345685,4.692641,-74.1345685,4.701891,-74.1439885,4.701891
562,-74.1345685,4.692641,-74.1251485,4.692641,-74.1251485,4.701891,-74.1345685,4.701891
563,-74.1251485,4.692641,-74.1157285,4.692641,-74.1157285,4.701891,-74.1251485,4.701891
564,-74.1157285,4.692641,-74.1063085,4.692641,-74.1063085,4.701891,-74.1157285,4.701891
565,-74.1063085,4.692641,-74.0968885,4.692641,-74.0968885,4.701891,-74.1063085,4.701891
566,-74.0968885,4.692641,-74.0874685,4.692641,-74.0874685,4.701891,-74.0968885,4.701891
567,-74.0874685,4.692641,-74.0780485,4.692641,-74.0780485,4.701891,-74.0874685,4.701891
568,-74.0780485,4.692641,-74.0686285,4.692641,-74.0686285,4.701891,-74.0780485,4.701891
569,-74.0686285,4.692641,-74.0592085,4.692641,-74.0592085,4.701891,-74.0686285,4.701891
570,-74.0592085,4.692641,-74.0497885,4.692641,-74.0497885,4.701891,-74.0592085,4.701891
571,-74.0497885,4.692641,-74.0403685,4.692641,-74.0403685,4.701891,-74.0497885,4.701891
572,-74.0403685,4.692641,-74.0309485,4.692641,-74.0309485,4.701891,-74.0403685,4.701891
573,-74.0309485,4.692641,-74.0215285,4.692641,-74.0215285,4.701891,-74.0309485,4.701891
574,-74.0215285,4.692641,-74.0121085,4.692641,-74.0121085,4.701891,-74.0215285,4.701891
575,-74.0121085,4.692641,-74.0026885,4.692641,-74.0026885,4.701891,-74.0121085,4.701891
576,-74.2193485,4.701891,-74.2099285,4.701891,-74.2099285,4.711141,-74.2193485,4.711141
577,-74.2099285,4.701891,-74.2005085,4.701891,-74.2005085,4.711141,-74.2099285,4.711141
578,-74.2005085,4.701891,-74.1910885,4.701891,-74.1910885,4.711141,-74.2005085,4.711141
579,-74.1910885,4.701891,-74.1816685,4.701891,-74.1816685,4.711141,-74.1910885,4.711141
580,-74.1816685,4.701891,-74.1722485,4.701891,-74.1722485,4.711141,-74.1816685,4.711141
581,-74.1722485,4.701891,-74.1628285,4.701891,-74.1628285,4.711141,-74.1722485,4.711141
582,-74.1628285,4.701891,-74.1534085,4.701891,-74.1534085,4.711141,-74.1628285,4.711141
583,-74.1534085,4.701891,-74.1439885,4.701891,-74.1439885,4.711141,-74.1534085,4.711141
584,-74.1439885,4.701891,-74.1345685,4.701891,-74.1345685,4.711141,-74.1439885,4.711141
585,-74.1345685,4.701891,-74.1251485,4.701891,-74.1251485,4.711141,-74.1345685,4.711141
586,-74.1251485,4.701891,-74.1157285,4.701891,-74.1157285,4.711141,-74.1251485,4.711141
587,-74.1157285,4.701891,-74.1063085,4.701891,-74.1063085,4.711141,-74.1157285,4.711141
588,-74.1063085,4.701891,-74.0968885,4.701891,-74.0968885,4.711141,-74.1063085,4.711141
589,-74.0968885,4.701891,-74.0874685,4.701891,-74.0874685,4.711141,-74.0968885,4.711141
590,-74.0874685,4.701891,-74.0780485,4.701891,-74.0780485,4.711141,-74.0874685,4.711141
591,-74.0780485,4.701891,-74.0686285,4.701891,-74.0686285,4.711141,-74.0780485,4.711141
592,-74.0686285,4.701891,-74.0592085,4.701891,-74.0592085,4.711141,-74.0686285,4.711141
593,-74.0592085,4.701891,-74.0497885,4.701891,-74.0497885,4.711141,-74.0592085,4.711141
594,-74.0497885,4.701891,-74.0403685,4.701891,-74.0403685,4.711141,-74.0497885,4.711141
595,-74.0403685,4.701891,-74.0309485,4.701891,-74.0309485,4.711141,-74.0403685,4.711141
596,-74.0309485,4.701891,-74.0215285,4.701891,-74.0215285,4.711141,-74.0309485,4.711141
597,-74.0215285,4.701891,-74.0121085,4.701891,-74.0121085,4.711141,-74.0215285,4.711141
598,-74.0121085,4.701891,-74.0026885,4.701891,-74.0026885,4.711141,-74.0121085,4.711141
599,-74.2193485,4.711141,-74.2099285,4.711141,-74.2099285,4.720391,-74.2193485,4.720391
600,-74.2099285,4.711141,-74.2005085,4.711141,-74.2005085,4.720391,-74.2099285,4.720391
601,-74.2005085,4.711141,-74.1910885,4.711141,-74.1910885,4.720391,-74.2005085,4.720391
602,-74.1910885,4.711141,-74.1816685,4.711141,-74.1816685,4.720391,-74.1910885,4.720391
603,-74.1816685,4.711141,-74.1722485,4.711141,-74.1722485,4.720391,-74.1816685,4.720391
604,-74.1722485,4.711141,-74.1628285,4.711141,-74.1628285,4.720391,-74.1722485,4.720391
605,-74.1628285,4.711141,-74.1534085,4.711141,-74.1534085,4.720391,-74.1628285,4.720391
606,-74.1534085,4.711141,-74.1439885,4.711141,-74.1439885,4.720391,-74.1534085,4.720391
607,-74.1439885,4.711141,-74.1345685,4.711141,-74.1345685,4.720391,-74.1439885,4.720391
608,-74.1345685,4.711141,-74.1251485,4.711141,-74.1251485,4.720391,-74.1345685,4.720391
609,-74.1251485,4.711141,-74.1157285,4.711141,-74.1157285,4.720391,-74.1251485,4.720391
610,-74.1157285,4.711141,-74.1063085,4.711141,-74.1063085,4.720391,-74.1157285,4.720391
611,-74.1063085,4.711141,-74.0968885,4.711141,-74.0968885,4.720391,-74.1063085,4.720391
612,-74.0968885,4.711141,-74.0874685,4.711141,-74.0874685,4.720391,-74.0968885,4.720391
613,-74.0874685,4.711141,-74.0780485,4.711141,-74.0780485,4.720391,-74.0874685,4.720391
614,-74.0780485,4.711141,-74.0686285,4.711141,-74.0686285,4.720391,-74.0780485,4.720391
615,-74.0686285,4.711141,-74.0592085,4.711141,-74.0592085,4.720391,-74.0686285,4.720391
616,-74.0592085,4.711141,-74.0497885,4.711141,-74.0497885,4.720391,-74.0592085,4.720391
617,-74.0497885,4.711141,-74.0403685,4.711141,-74.0403685,4.720391,-74.0497885,4.720391
618,-74.0403685,4.711141,-74.0309485,4.711141,-74.0309485,4.720391,-74.0403685,4.720391
619,-74.0309485,4.711141,-74.0215285,4.711141,-74.0215285,4.720391,-74.0309485,4.720391
620,-74.0215285,4.711141,-74.0121085,4.711141,-74.0121085,4.720391,-74.0215285,4.720391
621,-74.0121085,4.711141,-74.0026885,4.711141,-74.0026885,4.720391,-74.0121085,4.720391
622,-74.2193485,4.720391,-74.2099285,4.720391,-74.2099285,4.729641,-74.2193485,4.729641
623,-74.2099285,4.720391,-74.2005085,4.720391,-74.2005085,4.729641,-74.2099285,4.729641
624,-74.2005085,4.720391,-74.1910885,4.720391,-74.1910885,4.729641,-74.2005085,4.729641
625,-74.1910885,4.720391,-74.1816685,4.720391,-74.1816685,4.729641,-74.1910885,4.729641
626,-74.1816685,4.720391,-74.1722485,4.720391,-74.1722485,4.729641,-74.1816685,4.729641
627,-74.1722485,4.720391,-74.1628285,4.720391,-74.1628285,4.729641,-74.1722485,4.729641
628,-74.1628285,4.720391,-74.1534085,4.720391,-74.1534085,4.729641,-74.1628285,4.729641
629,-74.1534085,4.720391,-74.1439885,4.720391,-74.1439885,4.729641,-74.1534085,4.729641
630,-74.1439885,4.720391,-74.1345685,4.720391,-74.1345685,4.729641,-74.1439885,4.729641
631,-74.1345685,4.720391,-74.1251485,4.720391,-74.1251485,4.729641,-74.1345685,4.729641
632,-74.1251485,4.720391,-74.1157285,4.720391,-74.1157285,4.729641,-74.1251485,4.729641
633,-74.1157285,4.720391,-74.1063085,4.720391,-74.1063085,4.729641,-74.1157285,4.729641
634,-74.1063085,4.720391,-74.0968885,4.720391,-74.0968885,4.729641,-74.1063085,4.729641
635,-74.0968885,4.720391,-74.0874685,4.720391,-74.0874685,4.729641,-74.0968885,4.729641
636,-74.0874685,4.720391,-74.0780485,4.720391,-74.0780485,4.729641,-74.0874685,4.729641
637,-74.0780485,4.720391,-74.0686285,4.720391,-74.0686285,4.729641,-74.0780485,4.729641
638,-74.0686285,4.720391,-74.0592085,4.720391,-74.0592085,4.729641,-74.0686285,4.729641
639,-74.0592085,4.720391,-74.0497885,4.720391,-74.0497885,4.729641,-74.0592085,4.729641
640,-74.0497885,4.720391,-74.0403685,4.720391,-74.0403685,4.729641,-74.0497885,4.729641
641,-74.0403685,4.720391,-74.0309485,4.720391,-74.0309485,4.729641,-74.0403685,4.729641
642,-74.0309485,4.720391,-74.0215285,4.720391,-74.0215285,4.729641,-74.0309485,4.729641
643,-74.0215285,4.720391,-74.0121085,4.720391,-74.0121085,4.729641,-74.0215285,4.729641
644,-74.0121085,4.720391,-74.0026885,4.720391,-74.0026885,4.729641,-74.0121085,4.729641
645,-74.2193485,4.729641,-74.2099285,4.729641,-74.2099285,4.738891,-74.2193485,4.738891
646,-74.2099285,4.729641,-74.2005085,4.729641,-74.2005085,4.738891,-74.2099285,4.738891
647,-74.2005085,4.729641,-74.1910885,4.729641,-74.1910885,4.738891,-74.2005085,4.738891
648,-74.1910885,4.729641,-74.1816685,4.729641,-74.1816685,4.738891,-74.1910885,4.738891
649,-74.1816685,4.729641,-74.1722485,4.729641,-74.1722485,4.738891,-74.1816685,4.738891
650,-74.1722485,4.729641,-74.1628285,4.729641,-74.1628285,4.738891,-74.1722485,4.738891
651,-74.1628285,4.729641,-74.1534085,4.729641,-74.1534085,4.738891,-74.1628285,4.738891
652,-74.1534085,4.729641,-74.1439885,4.729641,-74.1439885,4.738891,-74.1534085,4.738891
653,-74.1439885,4.729641,-74.1345685,4.729641,-74.1345685,4.738891,-74.1439885,4.738891
654,-74.1345685,4.729641,-74.1251485,4.729641,-74.1251485,4.738891,-74.1345685,4.738891
655,-74.1251485,4.729641,-74.1157285,4.729641,-74.1157285,4.738891,-74.1251485,4.738891
656,-74.1157285,4.729641,-74.1063085,4.729641,-74.1063085,4.738891,-74.1157285,4.738891
657,-74.1063085,4.729641,-74.0968885,4.729641,-74.0968885,4.738891,-74.1063085,4.738891
658,-74.0968885,4.729641,-74.0874685,4.729641,-74.0874685,4.738891,-74.0968885,4.738891
659,-74.0874685,4.729641,-74.0780485,4.729641,-74.0780485,4.738891,-74.0874685,4.738891
660,-74.0780485,4.729641,-74.0686285,4.729641,-74.0686285,4.738891,-74.0780485,4.738891
661,-74.0686285,4.729641,-74.0592085,4.729641,-74.0592085,4.738891,-74.0686285,4.738891
662,-74.0592085,4.729641,-74.0497885,4.729641,-74.0497885,4.738891,-74.0592085,4.738891
663,-74.0497885,4.729641,-74.0403685,4.729641,-74.0403685,4.738891,-74.0497885,4.738891
664,-74.0403685,4.729641,-74.0309485,4.729641,-74.0309485,4.738891,-74.0403685,4.738891
665,-74.0309485,4.729641,-74.0215285,4.729641,-74.0215285,4.738891,-74.0309485,4.738891
666,-74.0215285,4.729641,-74.0121085,4.729641,-74.0121085,4.738891,-74.0215285,4.738891
667,-74.0121085,4.729641,-74.0026885,4.729641,-74.0026885,4.738891,-74.0121085,4.738891
668,-74.2193485,4.738891,-74.2099285,4.738891,-74.2099285,4.748141,-74.2193485,4.748141
669,-74.2099285,4.738891,-74.2005085,4.738891,-74.2005085,4.748141,-74.2099285,4.748141
670,-74.2005085,4.738891,-74.1910885,4.738891,-74.1910885,4.748141,-74.2005085,4.748141
671,-74.1910885,4.738891,-74.1816685,4.738891,-74.1816685,4.748141,-74.1910885,4.748141
672,-74.1816685,4.738891,-74.1722485,4.738891,-74.1722485,4.748141,-74.1816685,4.748141
673,-74.1722485,4.738891,-74.1628285,4.738891,-74.1628285,4.748141,-74.1722485,4.748141
674,-74.1628285,4.738891,-74.1534085,4.738891,-74.1534085,4.748141,-74.1628285,4.748141
675,-74.1534085,4.738891,-74.1439885,4.738891,-74.1439885,4.748141,-74.1534085,4.748141
676,-74.1439885,4.738891,-74.1345685,4.738891,-74.1345685,4.748141,-74.1439885,4.748141
677,-74.1345685,4.738891,-74.1251485,4.738891,-74.1251485,4.748141,-74.1345685,4.748141
678,-74.1251485,4.738891,-74.1157285,4.738891,-74.1157285,4.748141,-74.1251485,4.748141
679,-74.1157285,4.738891,-74.1063085,4.738891,-74.1063085,4.748141,-74.1157285,4.748141
680,-74.1063085,4.738891,-74.0968885,4.738891,-74.0968885,4.748141,-74.1063085,4.748141
681,-74.0968885,4.738891,-74.0874685,4.738891,-74.0874685,4.748141,-74.0968885,4.748141
682,-74.0874685,4.738891,-74.0780485,4.738891,-74.0780485,4.748141,-74.0874685,4.748141
683,-74.0780485,4.738891,-74.0686285,4.738891,-74.0686285,4.748141,-74.0780485,4.748141
684,-74.0686285,4.738891,-74.0592085,4.738891,-74.0592085,4.748141,-74.0686285,4.748141
685,-74.0592085,4.738891,-74.0497885,4.738891,-74.0497885,4.748141,-74.0592085,4.748141
686,-74.0497885,4.738891,-74.0403685,4.738891,-74.0403685,4.748141,-74.0497885,4.748141
687,-74.0403685,4.738891,-74.0309485,4.738891,-74.0309485,4.748141,-74.0403685,4.748141
688,-74.0309485,4.738891,-74.0215285,4.738891,-74.0215285,4.748141,-74.0309485,4.748141
689,-74.0215285,4.738891,-74.0121085,4.738891,-74.0121085,4.748141,-74.0215285,4.748141
690,-74.0121085,4.738891,-74.0026885,4.738891,-74.0026885,4.748141,-74.0121085,4.748141
691,-74.2193485,4.748141,-74.2099285,4.748141,-74.2099285,4.757391,-74.2193485,4.757391
692,-74.2099285,4.748141,-74.2005085,4.748141,-74.2005085,4.757391,-74.2099285,4.757391
693,-74.2005085,4.748141,-74.1910885,4.748141,-74.1910885,4.757391,-74.2005085,4.757391
694,-74.1910885,4.748141,-74.1816685,4.748141,-74.1816685,4.757391,-74.1910885,4.757391
695,-74.1816685,4.748141,-74.1722485,4.748141,-74.1722485,4.757391,-74.1816685,4.757391
696,-74.1722485,4.748141,-74.1628285,4.748141,-74.1628285,4.757391,-74.1722485,4.757391
697,-74.1628285,4.748141,-74.1534085,4.748141,-74.1534085,4.757391,-74.1628285,4.757391
698,-74.1534085,4.748141,-74.1439885,4.748141,-74.1439885,4.757391,-74.1534085,4.757391
699,-74.1439885,4.748141,-74.1345685,4.748141,-74.1345685,4.757391,-74.1439885,4.757391
700,-74.1345685,4.748141,-74.1251485,4.748141,-74.1251485,4.757391,-74.1345685,4.757391
701,-74.1251485,4.748141,-74.1157285,4.748141,-74.1157285,4.757391,-74.1251485,4.757391
702,-74.1157285,4.748141,-74.1063085,4.748141,-74.1063085,4.757391,-74.1157285,4.757391
703,-74.1063085,4.748141,-74.0968885,4.748141,-74.0968885,4.757391,-74.1063085,4.757391
704,-74.0968885,4.748141,-74.0874685,4.748141,-74.0874685,4.757391,-74.0968885,4.757391
705,-74.0874685,4.748141,-74.0780485,4.748141,-74.0780485,4.757391,-74.0874685,4.757391
706,-74.0780485,4.748141,-74.0686285,4.748141,-74.0686285,4.757391,-74.0780485,4.757391
707,-74.0686285,4.748141,-74.0592085,4.748141,-74.0592085,4.757391,-74.0686285,4.757391
708,-74.0592085,4.748141,-74.0497885,4.748141,-74.0497885,4.757391,-74.0592085,4.757391
709,-74.0497885,4.748141,-74.0403685,4.748141,-74.0403685,4.757391,-74.0497885,4.757391
710,-74.0403685,4.748141,-74.0309485,4.748141,-74.0309485,4.757391,-74.0403685,4.757391
711,-74.0309485,4.748141,-74.0215285,4.748141,-74.0215285,4.757391,-74.0309485,4.757391
712,-74.0215285,4.748141,-74.0121085,4.748141,-74.0121085,4.757391,-74.0215285,4.757391
713,-74.0121085,4.748141,-74.0026885,4.748141,-74.0026885,4.757391,-74.0121085,4.757391
714,-74.2193485,4.757391,-74.2099285,4.757391,-74.2099285,4.766641,-74.2193485,4.766641
715,-74.2099285,4.757391,-74.2005085,4.757391,-74.2005085,4.766641,-74.2099285,4.766641
716,-74.2005085,4.757391,-74.1910885,4.757391,-74.1910885,4.766641,-74.2005085,4.766641
717,-74.1910885,4.757391,-74.1816685,4.757391,-74.1816685,4.766641,-74.1910885,4.766641
718,-74.1816685,4.757391,-74.1722485,4.757391,-74.1722485,4.766641,-74.1816685,4.766641
719,-74.1722485,4.757391,-74.1628285,4.757391,-74.1628285,4.766641,-74.1722485,4.766641
720,-74.1628285,4.757391,-74.1534085,4.757391,-74.1534085,4.766641,-74.1628285,4.766641
721,-74.1534085,4.757391,-74.1439885,4.757391,-74.1439885,4.766641,-74.1534085,4.766641
722,-74.1439885,4.757391,-74.1345685,4.757391,-74.1345685,4.766641,-74.1439885,4.766641
723,-74.1345685,4.757391,-74.1251485,4.757391,-74.1251485,4.766641,-74.1345685,4.766641
724,-74.1251485,4.757391,-74.1157285,4.757391,-74.1157285,4.766641,-74.1251485,4.766641
725,-74.1157285,4.757391,-74.1063085,4.757391,-74.1063085,4.766641,-74.1157285,4.766641
726,-74.1063085,4.757391,-74.0968885,4.757391,-74.0968885,4.766641,-74.1063085,4.766641
727,-74.0968885,4.757391,-74.0874685,4.757391,-74.0874685,4.766641,-74.0968885,4.766641
728,-74.0874685,4.757391,-74.0780485,4.757391,-74.0780485,4.766641,-74.0874685,4.766641
729,-74.0780485,4.757391,-74.0686285,4.757391,-74.0686285,4.766641,-74.0780485,4.766641
730,-74.0686285,4.757391,-74.0592085,4.757391,-74.0592085,4.766641,-74.0686285,4.766641
731,-74.0592085,4.757391,-74.0497885,4.757391,-74.0497885,4.766641,-74.0592085,4.766641
732,-74.0497885,4.757391,-74.0403685,4.757391,-74.0403685,4.766641,-74.0497885,4.766641
733,-74.0403685,4.757391,-74.0309485,4.757391,-74.0309485,4.766641,-74.0403685,4.766641
734,-74.0309485,4.757391,-74.0215285,4.757391,-74.0215285,4.766641,-74.0309485,4.766641
735,-74.0215285,4.757391,-74.0121085,4.757391,-74.0121085,4.766641,-74.0215285,4.766641
736,-74.0121085,4.757391,-74.0026885,4.757391,-74.0026885,4.766641,-74.0121085,4.766641
737,-74.2193485,4.766641,-74.2099285,4.766641,-74.2099285,4.775891,-74.2193485,4.775891
738,-74.2099285,4.766641,-74.2005085,4.766641,-74.2005085,4.775891,-74.2099285,4.775891
739,-74.2005085,4.766641,-74.1910885,4.766641,-74.1910885,4.775891,-74.2005085,4.775891
740,-74.1910885,4.766641,-74.1816685,4.766641,-74.1816685,4.775891,-74.1910885,4.775891
741,-74.1816685,4.766641,-74.1722485,4.766641,-74.1722485,4.775891,-74.1816685,4.775891
742,-74.1722485,4.766641,-74.1628285,4.766641,-74.1628285,4.775891,-74.1722485,4.775891
743,-74.1628285,4.766641,-74.1534085,4.766641,-74.1534085,4.775891,-74.1628285,4.775891
744,-74.1534085,4.766641,-74.1439885,4.766641,-74.1439885,4.775891,-74.1534085,4.775891
745,-74.1439885,4.766641,-74.1345685,4.766641,-74.1345685,4.775891,-74.1439885,4.775891
746,-74.1345685,4.766641,-74.1251485,4.766641,-74.1251485,4.775891,-74.1345685,4.775891
747,-74.1251485,4.766641,-74.1157285,4.766641,-74.1157285,4.775891,-74.1251485,4.775891
748,-74.1157285,4.766641,-74.1063085,4.766641,-74.1063085,4.775891,-74.1157285,4.775891
749,-74.1063085,4.766641,-74.0968885,4.766641,-74.0968885,4.775891,-74.1063085,4.775891
750,-74.0968885,4.766641,-74.0874685,4.766641,-74.0874685,4.775891,-74.0968885,4.775891
751,-74.0874685,4.766641,-74.0780485,4.766641,-74.0780485,4.775891,-74.0874685,4.775891
752,-74.0780485,4.766641,-74.0686285,4.766641,-74.0686285,4.775891,-74.0780485,4.775891
753,-74.0686285,4.766641,-74.0592085,4.766641,-74.0592085,4.775891,-74.0686285,4.775891
754,-74.0592085,4.766641,-74.0497885,4.766641,-74.0497885,4.775891,-74.0592085,4.775891
755,-74.0497885,4.766641,-74.0403685,4.766641,-74.0403685,4.775891,-74.0497885,4.775891
756,-74.0403685,4.766641,-74.0309485,4.766641,-74.0309485,4.775891,-74.0403685,4.775891
757,-74.0309485,4.766641,-74.0215285,4.766641,-74.0215285,4.775891,-74.0309485,4.775891
758,-74.0215285,4.766641,-74.0121085,4.766641,-74.0121085,4.775891,-74.0215285,4.775891
759,-74.0121085,4.766641,-74.0026885,4.766641,-74.0026885,4.775891,-74.0121085,4.775891
760,-74.2193485,4.775891,-74.2099285,4.775891,-74.2099285,4.785141,-74.2193485,4.785141
761,-74.2099285,4.775891,-74.2005085,4.775891,-74.2005085,4.785141,-74.2099285,4.785141
762,-74.2005085,4.775891,-74.1910885,4.775891,-74.1910885,4.785141,-74.2005085,4.785141
763,-74.1910885,4.775891,-74.1816685,4.775891,-74.1816685,4.785141,-74.1910885,4.785141
764,-74.1816685,4.775891,-74.1722485,4.775891,-74.1722485,4.785141,-74.1816685,4.785141
765,-74.1722485,4.775891,-74.1628285,4.775891,-74.1628285,4.785141,-74.1722485,4.785141
766,-74.1628285,4.775891,-74.1534085,4.775891,-74.1534085,4.785141,-74.1628285,4.785141
767,-74.1534085,4.775891,-74.1439885,4.775891,-74.1439885,4.785141,-74.1534085,4.785141
768,-74.1439885,4.775891,-74.1345685,4.775891,-74.1345685,4.785141,-74.1439885,4.785141
769,-74.1345685,4.775891,-74.1251485,4.775891,-74.1251485,4.785141,-74.1345685,4.785141
770,-74.1251485,4.775891,-74.1157285,4.775891,-74.1157285,4.785141,-74.1251485,4.785141
771,-74.1157285,4.775891,-74.1063085,4.775891,-74.1063085,4.785141,-74.1157285,4.785141
772,-74.1063085,4.775891,-74.0968885,4.775891,-74.0968885,4.785141,-74.1063085,4.785141
773,-74.0968885,4.775891,-74.0874685,4.775891,-74.0874685,4.785141,-74.0968885,4.785141
774,-74.0874685,4.775891,-74.0780485,4.775891,-74.0780485,4.785141,-74.0874685,4.785141
775,-74.0780485,4.775891,-74.0686285,4.775891,-74.0686285,4.785141,-74.0780485,4.785141
776,-74.0686285,4.775891,-74.0592085,4.775891,-74.0592085,4.785141,-74.0686285,4.785141
777,-74.0592085,4.775891,-74.0497885,4.775891,-74.0497885,4.785141,-74.0592085,4.785141
778,-74.0497885,4.775891,-74.0403685,4.775891,-74.0403685,4.785141,-74.0497885,4.785141
779,-74.0403685,4.775891,-74.0309485,4.775891,-74.0309485,4.785141,-74.0403685,4.785141
780,-74.0309485,4.775891,-74.0215285,4.775891,-74.0215285,4.785141,-74.0309485,4.785141
781,-74.0215285,4.775891,-74.0121085,4.775891,-74.0121085,4.785141,-74.0215285,4.785141
782,-74.0121085,4.775891,-74.0026885,4.775891,-74.0026885,4.785141,-74.0121085,4.785141
