id,mclients,mincome,morders,mclient1,mclient2,mclient3,mPtresclientes,tclients,tincome,torders,tclient1,tclient2,tclient3
1,0,0,0,,,,0,0,0,0,Foo,Bar,Baz
2,0,0,0,,,,0,0,0,0,Foo,Bar,Baz
3,0,0,0,,,,0,0,0,0,Foo,Bar,Baz
4,0,0,0,,,,0,0,0,0,Foo,Bar,Baz
5,0,0,0,,,,0,0,0,0,Foo,Bar,Baz
6,0,0,0,,,,0,0,0,0,Foo,Bar,Baz
7,0,0,0,,,,0,0,0,0,Foo,Bar,Baz
8,0,0,0,,,,0,0,0,0,Foo,Bar,Baz
9,0,0,0,,,,0,0,0,0,Foo,Bar,Baz
10,49,361307.7676,9.1375,53709,54533,58708,0.191627414,23,6035.483445,0.3,Foo,Bar,Baz
11,0,0,0,,,,0,0,0,0,Foo,Bar,Baz
12,0,0,0,,,,0,0,0,0,Foo,Bar,Baz
13,0,0,0,,,,0,0,0,0,Foo,Bar,Baz
14,0,0,0,,,,0,0,0,0,Foo,Bar,Baz
15,0,0,0,,,,0,0,0,0,Foo,Bar,Baz
16,0,0,0,,,,0,0,0,0,Foo,Bar,Baz
17,0,0,0,,,,0,0,0,0,Foo,Bar,Baz
18,0,0,0,,,,0,0,0,0,Foo,Bar,Baz
19,0,0,0,,,,0,0,0,0,Foo,Bar,Baz
20,0,0,0,,,,0,0,0,0,Foo,Bar,Baz
21,0,0,0,,,,0,0,0,0,Foo,Bar,Baz
22,0,0,0,,,,0,0,0,0,Foo,Bar,Baz
23,0,0,0,,,,0,0,0,0,Foo,Bar,Baz
24,0,0,0,,,,0,0,0,0,Foo,Bar,Baz
25,0,0,0,,,,0,0,0,0,Foo,Bar,Baz
26,0,0,0,,,,0,0,0,0,Foo,Bar,Baz
27,0,0,0,,,,0,0,0,0,Foo,Bar,Baz
28,0,0,0,,,,0,0,0,0,Foo,Bar,Baz
29,0,0,0,,,,0,0,0,0,Foo,Bar,Baz
30,0,0,0,,,,0,0,0,0,Foo,Bar,Baz
31,0,0,0,,,,0,0,0,0,Foo,Bar,Baz
32,0,0,0,,,,0,0,0,0,Foo,Bar,Baz
33,0,0,0,,,,0,0,0,0,Foo,Bar,Baz
34,0,0,0,,,,0,1,646.7613037,0.0125,Foo,Bar,Baz
35,0,0,0,,,,0,5,1648.071127,0.075,Foo,Bar,Baz
36,0,0,0,,,,0,7,4501.493194,0.1375,Foo,Bar,Baz
37,0,0,0,,,,0,0,0,0,Foo,Bar,Baz
38,0,0,0,,,,0,0,0,0,Foo,Bar,Baz
39,0,0,0,,,,0,0,0,0,Foo,Bar,Baz
40,0,0,0,,,,0,0,0,0,Foo,Bar,Baz
41,0,0,0,,,,0,0,0,0,Foo,Bar,Baz
42,0,0,0,,,,0,0,0,0,Foo,Bar,Baz
43,0,0,0,,,,0,0,0,0,Foo,Bar,Baz
44,0,0,0,,,,0,0,0,0,Foo,Bar,Baz
45,0,0,0,,,,0,0,0,0,Foo,Bar,Baz
46,0,0,0,,,,0,0,0,0,Foo,Bar,Baz
47,0,0,0,,,,0,0,0,0,Foo,Bar,Baz
48,0,0,0,,,,0,0,0,0,Foo,Bar,Baz
49,0,0,0,,,,0,0,0,0,Foo,Bar,Baz
50,0,0,0,,,,0,0,0,0,Foo,Bar,Baz
51,0,0,0,,,,0,0,0,0,Foo,Bar,Baz
52,0,0,0,,,,0,0,0,0,Foo,Bar,Baz
53,0,0,0,,,,0,0,0,0,Foo,Bar,Baz
54,0,0,0,,,,0,0,0,0,Foo,Bar,Baz
55,0,0,0,,,,0,0,0,0,Foo,Bar,Baz
56,2,9200.595477,0.3125,47456,595677,,1,8,4102.820707,0.15,Foo,Bar,Baz
57,26,232498.2162,5.4375,50038,50197,58624,0.256901691,56,23507.80144,0.9625,Foo,Bar,Baz
58,43,588834.1704,8.025,53648,55077,523179,0.240267282,20,15839.98835,0.5625,Foo,Bar,Baz
59,8,166929.4209,1.775,54882,57697,566267,0.621715349,3,1932.926301,0.05,Foo,Bar,Baz
60,0,0,0,,,,0,0,0,0,Foo,Bar,Baz
61,0,0,0,,,,0,0,0,0,Foo,Bar,Baz
62,0,0,0,,,,0,0,0,0,Foo,Bar,Baz
63,0,0,0,,,,0,0,0,0,Foo,Bar,Baz
64,0,0,0,,,,0,0,0,0,Foo,Bar,Baz
65,0,0,0,,,,0,0,0,0,Foo,Bar,Baz
66,0,0,0,,,,0,0,0,0,Foo,Bar,Baz
67,0,0,0,,,,0,0,0,0,Foo,Bar,Baz
68,0,0,0,,,,0,0,0,0,Foo,Bar,Baz
69,0,0,0,,,,0,0,0,0,Foo,Bar,Baz
70,0,0,0,,,,0,0,0,0,Foo,Bar,Baz
71,0,0,0,,,,0,0,0,0,Foo,Bar,Baz
72,0,0,0,,,,0,0,0,0,Foo,Bar,Baz
73,0,0,0,,,,0,0,0,0,Foo,Bar,Baz
74,0,0,0,,,,0,0,0,0,Foo,Bar,Baz
75,0,0,0,,,,0,0,0,0,Foo,Bar,Baz
76,0,0,0,,,,0,0,0,0,Foo,Bar,Baz
77,0,0,0,,,,0,0,0,0,Foo,Bar,Baz
78,0,0,0,,,,0,0,0,0,Foo,Bar,Baz
79,18,90592.0589,2.6125,47745,54016,569867,0.389161252,5,60747.61086,0.6625,Foo,Bar,Baz
80,101,541738.5648,12.6125,49742,58620,586824,0.108746147,77,562011.8891,12.8625,Foo,Bar,Baz
81,109,1188608.877,14.1,48464,54366,59730,0.17713647,78,667512.3256,14.3875,Foo,Bar,Baz
82,43,411752.1546,4.975,51678,53821,60537,0.35898954,27,450830.9867,5.5625,Foo,Bar,Baz
83,45,442087.7333,8.6625,49394,52355,500751,0.233975935,3,39851.69338,0.7625,Foo,Bar,Baz
84,5,27315.26232,0.85,50772,51603,56697,0.810759696,1,921.1005415,0.0375,Foo,Bar,Baz
85,0,0,0,,,,0,0,0,0,Foo,Bar,Baz
86,0,0,0,,,,0,0,0,0,Foo,Bar,Baz
87,0,0,0,,,,0,0,0,0,Foo,Bar,Baz
88,0,0,0,,,,0,0,0,0,Foo,Bar,Baz
89,0,0,0,,,,0,0,0,0,Foo,Bar,Baz
90,0,0,0,,,,0,0,0,0,Foo,Bar,Baz
91,0,0,0,,,,0,0,0,0,Foo,Bar,Baz
92,0,0,0,,,,0,0,0,0,Foo,Bar,Baz
93,0,0,0,,,,0,0,0,0,Foo,Bar,Baz
94,0,0,0,,,,0,0,0,0,Foo,Bar,Baz
95,0,0,0,,,,0,0,0,0,Foo,Bar,Baz
96,0,0,0,,,,0,0,0,0,Foo,Bar,Baz
97,0,0,0,,,,0,0,0,0,Foo,Bar,Baz
98,0,0,0,,,,0,0,0,0,Foo,Bar,Baz
99,0,0,0,,,,0,0,0,0,Foo,Bar,Baz
100,0,0,0,,,,0,0,0,0,Foo,Bar,Baz
101,0,0,0,,,,0,0,0,0,Foo,Bar,Baz
102,4,7264.400261,0.2625,47650,52147,61520,0.986387383,13,42685.96094,0.8375,Foo,Bar,Baz
103,82,565201.7544,10.7,50834,51137,63376,0.165385105,112,355283.1373,7.825,Foo,Bar,Baz
104,66,305941.0245,6.625,48458,54785,62078,0.254765068,53,671169.302,10.1,Foo,Bar,Baz
105,15,22803.10157,0.8625,49876,52249,540245,0.767021771,16,282792.801,3.425,Foo,Bar,Baz
106,19,141207.7567,3.8125,52403,54794,56651,0.32749524,0,0,0,Foo,Bar,Baz
107,0,0,0,,,,0,0,0,0,Foo,Bar,Baz
108,0,0,0,,,,0,0,0,0,Foo,Bar,Baz
109,0,0,0,,,,0,0,0,0,Foo,Bar,Baz
110,0,0,0,,,,0,0,0,0,Foo,Bar,Baz
111,0,0,0,,,,0,0,0,0,Foo,Bar,Baz
112,0,0,0,,,,0,0,0,0,Foo,Bar,Baz
113,0,0,0,,,,0,0,0,0,Foo,Bar,Baz
114,0,0,0,,,,0,0,0,0,Foo,Bar,Baz
115,0,0,0,,,,0,0,0,0,Foo,Bar,Baz
116,0,0,0,,,,0,0,0,0,Foo,Bar,Baz
117,0,0,0,,,,0,0,0,0,Foo,Bar,Baz
118,0,0,0,,,,0,0,0,0,Foo,Bar,Baz
119,0,0,0,,,,0,0,0,0,Foo,Bar,Baz
120,0,0,0,,,,0,0,0,0,Foo,Bar,Baz
121,0,0,0,,,,0,0,0,0,Foo,Bar,Baz
122,0,0,0,,,,0,0,0,0,Foo,Bar,Baz
123,0,0,0,,,,0,0,0,0,Foo,Bar,Baz
124,0,0,0,,,,0,0,0,0,Foo,Bar,Baz
125,73,311404.8573,6.8375,52739,54817,58324,0.315269451,81,516617.9956,14.325,Foo,Bar,Baz
126,138,793390.0461,16.85,48209,53965,57892,0.1192543,106,690875.3399,16.4875,Foo,Bar,Baz
127,3,27709.35547,0.5,51096,51591,593409,1,0,0,0,Foo,Bar,Baz
128,10,70502.06463,1.925,50751,56647,56675,0.497933838,0,0,0,Foo,Bar,Baz
129,79,657458.1579,14.15,50163,63752,559759,0.130978082,24,127020.7149,2.425,Foo,Bar,Baz
130,0,0,0,,,,0,0,0,0,Foo,Bar,Baz
131,0,0,0,,,,0,0,0,0,Foo,Bar,Baz
132,0,0,0,,,,0,0,0,0,Foo,Bar,Baz
133,0,0,0,,,,0,0,0,0,Foo,Bar,Baz
134,0,0,0,,,,0,0,0,0,Foo,Bar,Baz
135,0,0,0,,,,0,0,0,0,Foo,Bar,Baz
136,0,0,0,,,,0,0,0,0,Foo,Bar,Baz
137,0,0,0,,,,0,0,0,0,Foo,Bar,Baz
138,0,0,0,,,,0,0,0,0,Foo,Bar,Baz
139,0,0,0,,,,0,0,0,0,Foo,Bar,Baz
140,0,0,0,,,,0,0,0,0,Foo,Bar,Baz
141,0,0,0,,,,0,0,0,0,Foo,Bar,Baz
142,0,0,0,,,,0,0,0,0,Foo,Bar,Baz
143,0,0,0,,,,0,0,0,0,Foo,Bar,Baz
144,0,0,0,,,,0,0,0,0,Foo,Bar,Baz
145,0,0,0,,,,0,0,0,0,Foo,Bar,Baz
146,0,0,0,,,,0,0,0,0,Foo,Bar,Baz
147,0,0,0,,,,0,0,0,0,Foo,Bar,Baz
148,28,212088.1975,5.425,49135,50611,52912,0.219761532,0,0,0,Foo,Bar,Baz
149,72,491117.4318,13.8625,50519,521660,581451,0.139254458,14,31751.80974,0.975,Foo,Bar,Baz
150,1,12922.3693,0.2625,56685,,,1,1,601.5599658,0.025,Foo,Bar,Baz
151,6,2669.59111,0.1125,51743,56633,63220,0.813901692,7,73858.13968,1.3875,Foo,Bar,Baz
152,70,32927.19076,1.275,46906,54182,563402,0.148625731,97,888833.6623,19.9125,Foo,Bar,Baz
153,3,843.1533964,0.05,46450,50583,63392,1,3,16458.46202,0.325,Foo,Bar,Baz
154,0,0,0,,,,0,0,0,0,Foo,Bar,Baz
155,0,0,0,,,,0,0,0,0,Foo,Bar,Baz
156,0,0,0,,,,0,0,0,0,Foo,Bar,Baz
157,0,0,0,,,,0,0,0,0,Foo,Bar,Baz
158,0,0,0,,,,0,0,0,0,Foo,Bar,Baz
159,0,0,0,,,,0,0,0,0,Foo,Bar,Baz
160,0,0,0,,,,0,0,0,0,Foo,Bar,Baz
161,0,0,0,,,,0,0,0,0,Foo,Bar,Baz
162,0,0,0,,,,0,0,0,0,Foo,Bar,Baz
163,0,0,0,,,,0,0,0,0,Foo,Bar,Baz
164,0,0,0,,,,0,0,0,0,Foo,Bar,Baz
165,0,0,0,,,,0,0,0,0,Foo,Bar,Baz
166,0,0,0,,,,0,0,0,0,Foo,Bar,Baz
167,0,0,0,,,,0,0,0,0,Foo,Bar,Baz
168,0,0,0,,,,0,0,0,0,Foo,Bar,Baz
169,1,272.775,0.0125,568776,,,1,12,17698.08082,0.4375,Foo,Bar,Baz
170,10,60621.55798,1.7625,49332,53319,53459,0.541112968,8,3215.933526,0.1625,Foo,Bar,Baz
171,0,0,0,,,,0,0,0,0,Foo,Bar,Baz
172,43,236990.1877,4.8375,47285,51901,58229,0.275239273,83,59053.11985,1.725,Foo,Bar,Baz
173,21,16797.78322,0.6125,50906,581514,581578,0.595575841,31,338356.2062,5.6,Foo,Bar,Baz
174,19,258632.9714,3.6375,49644,97629,588526,0.539574889,0,0,0,Foo,Bar,Baz
175,121,926476.0217,16.9,50447,50862,523088,0.183849437,99,408587.5723,9.5875,Foo,Bar,Baz
176,11,57859.40468,1.2625,48382,49070,58566,0.839300567,25,27080.69863,0.725,Foo,Bar,Baz
177,0,0,0,,,,0,0,0,0,Foo,Bar,Baz
178,0,0,0,,,,0,0,0,0,Foo,Bar,Baz
179,0,0,0,,,,0,0,0,0,Foo,Bar,Baz
180,0,0,0,,,,0,0,0,0,Foo,Bar,Baz
181,0,0,0,,,,0,0,0,0,Foo,Bar,Baz
182,0,0,0,,,,0,0,0,0,Foo,Bar,Baz
183,0,0,0,,,,0,0,0,0,Foo,Bar,Baz
184,0,0,0,,,,0,0,0,0,Foo,Bar,Baz
185,0,0,0,,,,0,0,0,0,Foo,Bar,Baz
186,0,0,0,,,,0,0,0,0,Foo,Bar,Baz
187,0,0,0,,,,0,0,0,0,Foo,Bar,Baz
188,0,0,0,,,,0,0,0,0,Foo,Bar,Baz
189,0,0,0,,,,0,0,0,0,Foo,Bar,Baz
190,0,0,0,,,,0,1,621.7471614,0.0375,Foo,Bar,Baz
191,0,0,0,,,,0,1,7216.311259,0.25,Foo,Bar,Baz
192,16,9014.303714,0.3,51854,53843,590027,0.665660572,37,13837.35805,0.5375,Foo,Bar,Baz
193,4,5180.492782,0.225,49831,58948,565370,0.964833603,17,6608.102086,0.325,Foo,Bar,Baz
194,1,449.5258285,0.0125,48421,,,1,1,564.6900808,0.0125,Foo,Bar,Baz
195,82,565509.9871,11.375,47415,47737,569406,0.182083852,105,374381.4271,9.6125,Foo,Bar,Baz
196,63,71408.16917,2.225,50625,51711,54405,0.456395509,152,1393908.686,20,Foo,Bar,Baz
197,138,850436.4707,17.775,50282,50302,50403,0.105161073,116,1001241.324,15.875,Foo,Bar,Baz
198,167,825430.7821,19,51106,51285,57040,0.108479881,158,1378791.894,25.5625,Foo,Bar,Baz
199,31,15014.65221,0.7125,50684,58543,563476,0.473315191,52,440607.1098,9.625,Foo,Bar,Baz
200,0,0,0,,,,0,0,0,0,Foo,Bar,Baz
201,0,0,0,,,,0,0,0,0,Foo,Bar,Baz
202,0,0,0,,,,0,0,0,0,Foo,Bar,Baz
203,0,0,0,,,,0,0,0,0,Foo,Bar,Baz
204,0,0,0,,,,0,0,0,0,Foo,Bar,Baz
205,0,0,0,,,,0,0,0,0,Foo,Bar,Baz
206,0,0,0,,,,0,0,0,0,Foo,Bar,Baz
207,0,0,0,,,,0,0,0,0,Foo,Bar,Baz
208,0,0,0,,,,0,0,0,0,Foo,Bar,Baz
209,0,0,0,,,,0,0,0,0,Foo,Bar,Baz
210,0,0,0,,,,0,0,0,0,Foo,Bar,Baz
211,0,0,0,,,,0,0,0,0,Foo,Bar,Baz
212,0,0,0,,,,0,0,0,0,Foo,Bar,Baz
213,0,0,0,,,,0,0,0,0,Foo,Bar,Baz
214,0,0,0,,,,0,0,0,0,Foo,Bar,Baz
215,8,2435.467055,0.1,47452,54602,603859,0.565420055,15,6201.672003,0.275,Foo,Bar,Baz
216,12,65155.21358,1.8375,52579,58436,58441,0.562772137,29,13792.56503,0.5375,Foo,Bar,Baz
217,75,679385.3332,11.5,62866,72227,572412,0.229023564,19,94279.11395,2.8125,Foo,Bar,Baz
218,89,383614.8527,7.9625,72212,72403,569860,0.360907562,96,695980.5506,18.85,Foo,Bar,Baz
219,72,536306.2082,12.35,52600,52932,54347,0.141912723,0,0,0,Foo,Bar,Baz
220,30,253187.9285,4.325,48071,50386,56746,0.473565559,131,127782.384,4.1875,Foo,Bar,Baz
221,111,96784.37037,3.1875,49478,55331,63057,0.321083087,198,1897852.701,30.75,Foo,Bar,Baz
222,15,113513.1339,2.375,46448,51980,52741,0.435836933,29,172095.5931,3.6125,Foo,Bar,Baz
223,4,41672.66185,0.95,50287,51756,52758,0.864751292,1,12043.36724,0.2125,Foo,Bar,Baz
224,0,0,0,,,,0,0,0,0,Foo,Bar,Baz
225,0,0,0,,,,0,0,0,0,Foo,Bar,Baz
226,0,0,0,,,,0,0,0,0,Foo,Bar,Baz
227,0,0,0,,,,0,0,0,0,Foo,Bar,Baz
228,0,0,0,,,,0,0,0,0,Foo,Bar,Baz
229,0,0,0,,,,0,0,0,0,Foo,Bar,Baz
230,0,0,0,,,,0,0,0,0,Foo,Bar,Baz
231,0,0,0,,,,0,0,0,0,Foo,Bar,Baz
232,0,0,0,,,,0,0,0,0,Foo,Bar,Baz
233,0,0,0,,,,0,0,0,0,Foo,Bar,Baz
234,0,0,0,,,,0,0,0,0,Foo,Bar,Baz
235,0,0,0,,,,0,0,0,0,Foo,Bar,Baz
236,0,0,0,,,,0,0,0,0,Foo,Bar,Baz
237,0,0,0,,,,0,0,0,0,Foo,Bar,Baz
238,0,0,0,,,,0,0,0,0,Foo,Bar,Baz
239,128,587199.073,12.275,47533,53791,521677,0.19015029,113,1286985.913,23.1375,Foo,Bar,Baz
240,81,513204.5753,12.375,47748,50832,51335,0.169823829,74,367895.2107,6.0625,Foo,Bar,Baz
241,82,810613.3418,14.5,72114,72244,72259,0.137188998,34,156400.2908,2.85,Foo,Bar,Baz
242,149,1533219.387,29.8125,52775,58999,524196,0.09315201,12,54435.20067,1.075,Foo,Bar,Baz
243,102,856516.9261,16.025,50406,52796,57006,0.13077912,67,150990.7471,2.9875,Foo,Bar,Baz
244,35,17160.65931,0.65,46571,51054,51082,0.55339534,172,637776.6003,15.1375,Foo,Bar,Baz
245,46,244220.655,5.7625,48655,52285,52627,0.30228597,84,653924.3513,14.7625,Foo,Bar,Baz
246,30,252117.31,5.9875,48044,51919,52103,0.21937417,0,0,0,Foo,Bar,Baz
247,0,0,0,,,,0,0,0,0,Foo,Bar,Baz
248,0,0,0,,,,0,0,0,0,Foo,Bar,Baz
249,0,0,0,,,,0,0,0,0,Foo,Bar,Baz
250,0,0,0,,,,0,0,0,0,Foo,Bar,Baz
251,0,0,0,,,,0,0,0,0,Foo,Bar,Baz
252,0,0,0,,,,0,0,0,0,Foo,Bar,Baz
253,1,387.5083009,0.0125,78315,,,1,1,13836.06381,0.25,Foo,Bar,Baz
254,0,0,0,,,,0,0,0,0,Foo,Bar,Baz
255,0,0,0,,,,0,0,0,0,Foo,Bar,Baz
256,0,0,0,,,,0,0,0,0,Foo,Bar,Baz
257,0,0,0,,,,0,0,0,0,Foo,Bar,Baz
258,0,0,0,,,,0,0,0,0,Foo,Bar,Baz
259,1,170.3476625,0.0125,521654,,,1,1,13670.59213,0.225,Foo,Bar,Baz
260,30,11278.0075,0.575,559322,592963,597117,0.234613788,53,474048.8814,9.7,Foo,Bar,Baz
261,5,3444.186827,0.1125,48014,48972,52421,0.821118589,12,48830.48764,0.9,Foo,Bar,Baz
262,14,5628.478328,0.175,47667,58470,523976,0.371368013,27,29465.92846,1.05,Foo,Bar,Baz
263,113,1185257.223,20.95,47444,48028,58868,0.123538794,37,53253.03972,1.85,Foo,Bar,Baz
264,125,1190148.152,19.325,58792,60559,524201,0.296403873,59,684602.484,11.1,Foo,Bar,Baz
265,63,105223.5363,2.6375,52948,54269,571529,0.578918104,96,976793.848,20.325,Foo,Bar,Baz
266,32,27184.86045,1.0125,57061,57491,595668,0.413723191,78,423344.7571,8.1,Foo,Bar,Baz
267,66,188432.647,4.9375,54478,59178,62108,0.313530246,88,545032.0486,12.15,Foo,Bar,Baz
268,102,1053575.349,20.275,49105,54923,569371,0.138077385,37,18479.04108,0.625,Foo,Bar,Baz
269,6,27401.54362,0.925,48689,51226,566281,0.617903889,14,4367.309993,0.175,Foo,Bar,Baz
270,0,0,0,,,,0,0,0,0,Foo,Bar,Baz
271,0,0,0,,,,0,0,0,0,Foo,Bar,Baz
272,0,0,0,,,,0,0,0,0,Foo,Bar,Baz
273,0,0,0,,,,0,0,0,0,Foo,Bar,Baz
274,0,0,0,,,,0,0,0,0,Foo,Bar,Baz
275,0,0,0,,,,0,0,0,0,Foo,Bar,Baz
276,0,0,0,,,,0,0,0,0,Foo,Bar,Baz
277,0,0,0,,,,0,0,0,0,Foo,Bar,Baz
278,0,0,0,,,,0,0,0,0,Foo,Bar,Baz
279,0,0,0,,,,0,0,0,0,Foo,Bar,Baz
280,0,0,0,,,,0,0,0,0,Foo,Bar,Baz
281,0,0,0,,,,0,0,0,0,Foo,Bar,Baz
282,11,187546.5806,2.6625,46111,47633,50278,0.475267384,0,0,0,Foo,Bar,Baz
283,34,154787.6202,3.5125,50293,52011,524108,0.41895937,40,384137.7339,8.15,Foo,Bar,Baz
284,14,82683.48032,1.5,47739,48499,54675,0.77716908,82,95532.22306,3.0375,Foo,Bar,Baz
285,87,731244.1031,14.6625,53353,54801,58143,0.105648662,70,42215.94749,1.4125,Foo,Bar,Baz
286,27,188622.5956,5.0625,46088,58798,63404,0.228448485,72,42719.53318,1.7375,Foo,Bar,Baz
287,28,49327.71315,0.925,47656,562820,567195,0.797161447,56,406895.021,8.55,Foo,Bar,Baz
288,47,126535.5781,3.4,71417,73383,500075,0.456178574,71,530894.6103,10.4625,Foo,Bar,Baz
289,53,615823.9819,11.375,71319,98308,98693,0.145330027,42,23334.34458,0.6375,Foo,Bar,Baz
290,92,103581.9724,2.95,47881,49280,51135,0.437462909,157,1440361.57,25.275,Foo,Bar,Baz
291,135,993647.2112,17.3,50799,54362,57565,0.13857036,91,1143672.877,15.0875,Foo,Bar,Baz
292,12,135612.7833,1.8375,48978,69301,69425,0.680456855,9,3123.460616,0.125,Foo,Bar,Baz
293,0,0,0,,,,0,0,0,0,Foo,Bar,Baz
294,0,0,0,,,,0,0,0,0,Foo,Bar,Baz
295,0,0,0,,,,0,0,0,0,Foo,Bar,Baz
296,0,0,0,,,,0,0,0,0,Foo,Bar,Baz
297,0,0,0,,,,0,0,0,0,Foo,Bar,Baz
298,0,0,0,,,,0,0,0,0,Foo,Bar,Baz
299,0,0,0,,,,0,0,0,0,Foo,Bar,Baz
300,0,0,0,,,,0,0,0,0,Foo,Bar,Baz
301,0,0,0,,,,0,0,0,0,Foo,Bar,Baz
302,0,0,0,,,,0,0,0,0,Foo,Bar,Baz
303,0,0,0,,,,0,1,129.775,0.0125,Foo,Bar,Baz
304,0,0,0,,,,0,0,0,0,Foo,Bar,Baz
305,57,590735.2383,11.65,53297,57795,565184,0.206654562,2,13413.98766,0.4625,Foo,Bar,Baz
306,89,723214.8141,15.2375,53547,54890,524107,0.124761,38,228754.0085,4.4625,Foo,Bar,Baz
307,53,50967.03228,1.975,51599,57766,581648,0.376245296,114,885159.1664,19.0375,Foo,Bar,Baz
308,40,118158.6325,3.4125,48147,58133,569399,0.369037238,59,525290.969,10.475,Foo,Bar,Baz
309,59,297452.6673,5.6125,49563,50648,52125,0.358802629,55,462315.1056,9.3875,Foo,Bar,Baz
310,61,35357.45628,1.2625,46669,63016,594270,0.279243031,107,1081746.241,21.3,Foo,Bar,Baz
311,66,201112.4439,4.8125,75076,75155,562376,0.295891673,59,713022.5403,11.975,Foo,Bar,Baz
312,35,261956.0783,6.4,48010,54448,75131,0.300625757,4,53519.36952,0.8125,Foo,Bar,Baz
313,117,580287.9769,12.825,47807,54758,522064,0.181938009,89,823661.5562,17.1,Foo,Bar,Baz
314,74,440436.2862,5.2875,67466,67469,67631,0.36810539,87,1037376.412,17.1375,Foo,Bar,Baz
315,98,1477653.643,18.85,67422,69465,539336,0.165407786,4,9611.019414,0.1875,Foo,Bar,Baz
316,1,1628.782262,0.025,606547,,,1,1,360.8308734,0.0125,Foo,Bar,Baz
317,0,0,0,,,,0,0,0,0,Foo,Bar,Baz
318,0,0,0,,,,0,0,0,0,Foo,Bar,Baz
319,0,0,0,,,,0,0,0,0,Foo,Bar,Baz
320,0,0,0,,,,0,0,0,0,Foo,Bar,Baz
321,0,0,0,,,,0,0,0,0,Foo,Bar,Baz
322,0,0,0,,,,0,0,0,0,Foo,Bar,Baz
323,0,0,0,,,,0,0,0,0,Foo,Bar,Baz
324,0,0,0,,,,0,0,0,0,Foo,Bar,Baz
325,1,71.3988058,0.0125,598711,,,1,3,8738.425846,0.1,Foo,Bar,Baz
326,0,0,0,,,,0,0,0,0,Foo,Bar,Baz
327,1,224.7484107,0.0125,58099,,,1,1,5904.89746,0.225,Foo,Bar,Baz
328,1,8043.410567,0.25,48206,,,1,0,0,0,Foo,Bar,Baz
329,2,1440.159033,0.025,54726,61506,,1,6,73390.07094,1.0625,Foo,Bar,Baz
330,66,317398.0019,7.775,49518,51268,567186,0.170166802,51,351446.0964,7.25,Foo,Bar,Baz
331,37,9537.148056,0.575,51006,52301,57378,0.209945801,104,439040.343,13.025,Foo,Bar,Baz
332,4,23997.95453,0.25,52291,57341,57350,0.988849147,67,137866.9935,2.9,Foo,Bar,Baz
333,39,252853.1464,5.9875,50212,54336,57125,0.25088817,44,32246.78472,0.925,Foo,Bar,Baz
334,45,191377.9105,3.7375,52280,54314,57265,0.400000975,42,62767.92865,1.825,Foo,Bar,Baz
335,71,638531.0425,13.975,63212,71160,521633,0.198274511,1,2591.065935,0.1625,Foo,Bar,Baz
336,93,316403.1611,7.7375,47447,48224,50390,0.236373009,107,1292193.4,17.6625,Foo,Bar,Baz
337,24,19724.11455,0.6875,67512,91165,596994,0.531683604,33,544628.6961,5.75,Foo,Bar,Baz
338,42,143076.7729,2.525,67559,98288,569949,0.592330809,74,498628.1715,10.4125,Foo,Bar,Baz
339,2,1521.905719,0.0375,73334,73479,,1,8,73321.52995,1.075,Foo,Bar,Baz
340,0,0,0,,,,0,0,0,0,Foo,Bar,Baz
341,0,0,0,,,,0,0,0,0,Foo,Bar,Baz
342,0,0,0,,,,0,0,0,0,Foo,Bar,Baz
343,0,0,0,,,,0,0,0,0,Foo,Bar,Baz
344,0,0,0,,,,0,0,0,0,Foo,Bar,Baz
345,0,0,0,,,,0,0,0,0,Foo,Bar,Baz
346,0,0,0,,,,0,0,0,0,Foo,Bar,Baz
347,0,0,0,,,,0,0,0,0,Foo,Bar,Baz
348,0,0,0,,,,0,0,0,0,Foo,Bar,Baz
349,0,0,0,,,,0,0,0,0,Foo,Bar,Baz
350,0,0,0,,,,0,2,646.2308013,0.0375,Foo,Bar,Baz
351,0,0,0,,,,0,0,0,0,Foo,Bar,Baz
352,14,8969.618159,0.2625,47508,50982,97639,0.513927145,19,324870.6466,4.0875,Foo,Bar,Baz
353,94,315581.9826,8.0125,46824,47583,49835,0.273721693,98,892017.6587,18.6375,Foo,Bar,Baz
354,108,1172733.456,22.0625,48191,56865,581658,0.260834133,8,9547.861096,0.325,Foo,Bar,Baz
355,25,261399.9727,4.9125,48001,48069,57474,0.242689671,38,53972.23053,1.4625,Foo,Bar,Baz
356,95,744669.2264,15.8375,52733,57131,570439,0.132081474,45,57838.65845,0.8625,Foo,Bar,Baz
357,5,7648.262092,0.125,54292,59048,595297,0.968188427,15,9776.415664,0.3125,Foo,Bar,Baz
358,21,134428.4461,3.275,71321,71354,523859,0.377198709,1,160.8527973,0.0125,Foo,Bar,Baz
359,67,719838.6875,9.6625,71252,91176,522903,0.338313955,22,208483.5155,3.1875,Foo,Bar,Baz
360,17,164481.1535,2.9,50305,79072,79085,0.554383281,1,114.2,0.0125,Foo,Bar,Baz
361,26,16832.89376,0.6625,75051,75173,500697,0.544282388,36,522901.3167,6.7375,Foo,Bar,Baz
362,3,2000.53135,0.0625,75118,75120,75138,1,6,79250.3375,1.125,Foo,Bar,Baz
363,0,0,0,,,,0,0,0,0,Foo,Bar,Baz
364,0,0,0,,,,0,0,0,0,Foo,Bar,Baz
365,0,0,0,,,,0,0,0,0,Foo,Bar,Baz
366,0,0,0,,,,0,0,0,0,Foo,Bar,Baz
367,0,0,0,,,,0,0,0,0,Foo,Bar,Baz
368,0,0,0,,,,0,0,0,0,Foo,Bar,Baz
369,0,0,0,,,,0,0,0,0,Foo,Bar,Baz
370,0,0,0,,,,0,0,0,0,Foo,Bar,Baz
371,1,4081.960639,0.15,57803,,,1,1,199.65,0.0125,Foo,Bar,Baz
372,0,0,0,,,,0,0,0,0,Foo,Bar,Baz
373,0,0,0,,,,0,0,0,0,Foo,Bar,Baz
374,0,0,0,,,,0,1,1901.575326,0.0625,Foo,Bar,Baz
375,3,953.4892527,0.05,48247,48318,595694,1,5,23153.58041,0.7625,Foo,Bar,Baz
376,66,326539.0856,8.4,85868,86051,86150,0.244962549,39,374780.8337,8.0875,Foo,Bar,Baz
377,62,609044.2674,12.225,47690,57439,521637,0.199077693,9,4219.880769,0.175,Foo,Bar,Baz
378,26,344114.5086,4.95,47526,47803,47875,0.340877176,83,36708.93473,1.4375,Foo,Bar,Baz
379,83,51027.52173,1.775,57465,57476,591682,0.369276895,140,931680.8124,20.85,Foo,Bar,Baz
380,27,24271.60347,0.9,46457,49304,603860,0.557725753,46,310597.1052,6.4375,Foo,Bar,Baz
381,7,67236.00213,1.175,47697,69046,572029,0.638842903,0,0,0,Foo,Bar,Baz
382,46,430430.7987,7.825,69124,69228,539026,0.252591287,8,92570.73199,1.5125,Foo,Bar,Baz
383,5,1388.191045,0.075,73686,594202,594203,0.759515508,7,47004.66,1.05,Foo,Bar,Baz
384,33,790542.2289,5.4125,73080,563216,576105,0.590997704,37,201500.0885,3.1625,Foo,Bar,Baz
385,64,910957.792,12.1625,74803,74876,74984,0.28637463,49,59034.43192,1.425,Foo,Bar,Baz
386,0,0,0,,,,0,0,0,0,Foo,Bar,Baz
387,0,0,0,,,,0,0,0,0,Foo,Bar,Baz
388,0,0,0,,,,0,0,0,0,Foo,Bar,Baz
389,0,0,0,,,,0,0,0,0,Foo,Bar,Baz
390,0,0,0,,,,0,0,0,0,Foo,Bar,Baz
391,0,0,0,,,,0,0,0,0,Foo,Bar,Baz
392,0,0,0,,,,0,0,0,0,Foo,Bar,Baz
393,0,0,0,,,,0,1,306.3375,0.0375,Foo,Bar,Baz
394,0,0,0,,,,0,0,0,0,Foo,Bar,Baz
395,0,0,0,,,,0,0,0,0,Foo,Bar,Baz
396,0,0,0,,,,0,0,0,0,Foo,Bar,Baz
397,0,0,0,,,,0,0,0,0,Foo,Bar,Baz
398,7,3387.711696,0.1375,78120,87588,521596,0.563872453,7,61465.77779,1.2375,Foo,Bar,Baz
399,12,14166.77519,0.5625,78124,86102,568633,0.558629177,14,166031.8107,2.25,Foo,Bar,Baz
400,33,292930.9005,5.2875,79472,79474,521632,0.274908055,48,17589.59093,0.825,Foo,Bar,Baz
401,41,381093.5797,5.9,68407,78043,585635,0.295326525,16,6411.063207,0.2625,Foo,Bar,Baz
402,27,199645.8185,3.75,77797,77936,77971,0.305132594,19,50236.28648,1.3375,Foo,Bar,Baz
403,0,0,0,,,,0,3,2657.666888,0.0625,Foo,Bar,Baz
404,0,0,0,,,,0,0,0,0,Foo,Bar,Baz
405,0,0,0,,,,0,1,227.990344,0.0125,Foo,Bar,Baz
406,7,9531.255775,0.35,47786,62831,581566,0.822600277,26,81110.61629,1.9375,Foo,Bar,Baz
407,35,337691.4543,6.075,98396,565224,565225,0.234825738,49,39278.27423,1.1375,Foo,Bar,Baz
408,28,249947.1356,4.3875,80430,80553,80582,0.342028305,10,122501.122,0.8875,Foo,Bar,Baz
409,1,550.5329228,0.025,576994,,,1,2,19322.99879,0.3375,Foo,Bar,Baz
410,0,0,0,,,,0,0,0,0,Foo,Bar,Baz
411,0,0,0,,,,0,0,0,0,Foo,Bar,Baz
412,0,0,0,,,,0,0,0,0,Foo,Bar,Baz
413,0,0,0,,,,0,0,0,0,Foo,Bar,Baz
414,0,0,0,,,,0,0,0,0,Foo,Bar,Baz
415,0,0,0,,,,0,0,0,0,Foo,Bar,Baz
416,0,0,0,,,,0,0,0,0,Foo,Bar,Baz
417,0,0,0,,,,0,0,0,0,Foo,Bar,Baz
418,0,0,0,,,,0,0,0,0,Foo,Bar,Baz
419,8,75993.73305,1.7,83114,83251,500216,0.670404383,0,0,0,Foo,Bar,Baz
420,1,8651.853575,0.25,86280,,,1,1,111.175,0.0125,Foo,Bar,Baz
421,17,7110.45763,0.2875,87321,562967,563906,0.314481827,53,397813.0145,6.5125,Foo,Bar,Baz
422,29,31363.7526,0.5625,79836,79874,521595,0.578249809,60,828634.9623,7.2375,Foo,Bar,Baz
423,15,30291.42444,0.7875,54500,57255,79524,0.751480906,21,192858.5472,3.05,Foo,Bar,Baz
424,30,498871.806,5.1375,79581,98495,587633,0.34533681,3,154307.327,0.4375,Foo,Bar,Baz
425,21,200053.8311,3.275,77954,78021,521593,0.417960348,0,0,0,Foo,Bar,Baz
426,1,7494.014267,0.25,46695,,,1,0,0,0,Foo,Bar,Baz
427,0,0,0,,,,0,2,884.7729721,0.025,Foo,Bar,Baz
428,0,0,0,,,,0,1,311.9320791,0.0125,Foo,Bar,Baz
429,4,24852.75483,0.4875,47504,51879,581612,0.923965248,16,18346.24,0.35,Foo,Bar,Baz
430,12,91250.93142,1.25,562821,569878,585861,0.769587467,62,97880.1892,2.6375,Foo,Bar,Baz
431,8,30691.78902,0.5875,58482,577014,597122,0.943478828,51,128843.4382,2.8,Foo,Bar,Baz
432,0,0,0,,,,0,2,247.6202756,0.025,Foo,Bar,Baz
433,0,0,0,,,,0,0,0,0,Foo,Bar,Baz
434,0,0,0,,,,0,0,0,0,Foo,Bar,Baz
435,0,0,0,,,,0,0,0,0,Foo,Bar,Baz
436,0,0,0,,,,0,0,0,0,Foo,Bar,Baz
437,0,0,0,,,,0,0,0,0,Foo,Bar,Baz
438,0,0,0,,,,0,0,0,0,Foo,Bar,Baz
439,0,0,0,,,,0,0,0,0,Foo,Bar,Baz
440,0,0,0,,,,0,0,0,0,Foo,Bar,Baz
441,0,0,0,,,,0,0,0,0,Foo,Bar,Baz
442,100,996727.0129,18.2625,83887,86248,86307,0.152810353,24,6737.325053,0.3375,Foo,Bar,Baz
443,83,546620.1568,8.1125,83485,83559,98531,0.26241878,59,1177739.346,11.9,Foo,Bar,Baz
444,7,5132.358221,0.1625,73984,74231,577605,0.755238371,31,175623.1869,1.8625,Foo,Bar,Baz
445,5,3892.546474,0.075,68916,68991,587592,0.906371233,36,58510.94723,1.425,Foo,Bar,Baz
446,16,8282.880439,0.2625,68635,98274,500120,0.51480615,53,356695.6018,5.175,Foo,Bar,Baz
447,6,40562.41557,1.075,77890,77902,77904,0.612245341,1,659.7927641,0.025,Foo,Bar,Baz
448,6,64731.20074,1.05,51157,54337,581525,0.857690158,3,2774.801277,0.05,Foo,Bar,Baz
449,0,0,0,,,,0,1,1970.983518,0.025,Foo,Bar,Baz
450,7,5215.090336,0.1,85690,98024,522086,0.800616262,15,198724.3815,2.175,Foo,Bar,Baz
451,20,19847.96975,0.5,85600,85814,521653,0.727122517,34,332167.2778,5.575,Foo,Bar,Baz
452,18,15237.50685,0.35,89170,98938,523784,0.464567113,38,396181.5161,4.8125,Foo,Bar,Baz
453,10,26317.10594,0.7625,47696,52734,574472,0.915919337,57,98882.92381,2.3375,Foo,Bar,Baz
454,0,0,0,,,,0,37,76782.25567,1.4,Foo,Bar,Baz
455,4,15841.1492,0.5875,52026,63762,581539,0.973108277,6,20228.41804,0.3,Foo,Bar,Baz
456,0,0,0,,,,0,0,0,0,Foo,Bar,Baz
457,0,0,0,,,,0,0,0,0,Foo,Bar,Baz
458,0,0,0,,,,0,0,0,0,Foo,Bar,Baz
459,0,0,0,,,,0,0,0,0,Foo,Bar,Baz
460,0,0,0,,,,0,0,0,0,Foo,Bar,Baz
461,0,0,0,,,,0,0,0,0,Foo,Bar,Baz
462,0,0,0,,,,0,0,0,0,Foo,Bar,Baz
463,0,0,0,,,,0,0,0,0,Foo,Bar,Baz
464,0,0,0,,,,0,0,0,0,Foo,Bar,Baz
465,2,12071.92197,0.4875,86583,86598,,1,1,143.6881281,0.0125,Foo,Bar,Baz
466,21,10647.98855,0.375,73702,97933,500192,0.471365216,39,418886.5357,6.75,Foo,Bar,Baz
467,0,0,0,,,,0,0,0,0,Foo,Bar,Baz
468,0,0,0,,,,0,14,6083.848509,0.2375,Foo,Bar,Baz
469,1,253.0218023,0.0125,598443,,,1,33,21915.04,0.725,Foo,Bar,Baz
470,1,508.8625,0.025,570433,,,1,1,15788.68505,0.2125,Foo,Bar,Baz
471,11,55039.35614,0.35,56921,89325,605583,0.930251531,28,82910.55772,1.575,Foo,Bar,Baz
472,13,19208.50275,0.6375,52134,57438,98030,0.817307616,15,159571.2867,2.65,Foo,Bar,Baz
473,4,4168.422374,0.0875,82446,500272,569935,0.959495441,14,123335.8672,1.875,Foo,Bar,Baz
474,4,1690.123011,0.05,85794,538960,561592,0.87534931,6,55685.18965,1.075,Foo,Bar,Baz
475,37,60957.35867,0.8625,86756,570860,584325,0.820729762,53,420777.1707,8.4125,Foo,Bar,Baz
476,10,4224.784424,0.1375,50394,86733,564954,0.710039534,67,123073.5958,3.45,Foo,Bar,Baz
477,3,2217.374917,0.1,98981,573031,575908,1,49,96342.18125,2.15,Foo,Bar,Baz
478,6,13497.0496,0.55,46034,60568,586854,0.88707907,26,106904.1745,1.7875,Foo,Bar,Baz
479,1,2570.206565,0.025,606600,,,1,0,0,0,Foo,Bar,Baz
480,0,0,0,,,,0,0,0,0,Foo,Bar,Baz
481,0,0,0,,,,0,0,0,0,Foo,Bar,Baz
482,0,0,0,,,,0,0,0,0,Foo,Bar,Baz
483,0,0,0,,,,0,0,0,0,Foo,Bar,Baz
484,0,0,0,,,,0,0,0,0,Foo,Bar,Baz
485,0,0,0,,,,0,0,0,0,Foo,Bar,Baz
486,0,0,0,,,,0,0,0,0,Foo,Bar,Baz
487,0,0,0,,,,0,0,0,0,Foo,Bar,Baz
488,0,0,0,,,,0,0,0,0,Foo,Bar,Baz
489,23,131553.4452,2.35,89184,89203,500756,0.511115733,25,122894.523,2.3875,Foo,Bar,Baz
490,25,194030.554,2.9875,89350,97967,500217,0.420304116,32,247535.5037,3.7,Foo,Bar,Baz
491,28,16664.56824,0.5375,75842,84908,575313,0.270225059,43,474437.3082,8.2,Foo,Bar,Baz
492,14,9429.068718,0.2125,76606,84708,539988,0.725832922,24,205882.9565,1.6,Foo,Bar,Baz
493,8,2274.668356,0.1,76269,98057,587426,0.57033875,23,17585.49856,0.45,Foo,Bar,Baz
494,12,11608.97213,0.15,89001,89060,523934,0.635355952,22,20938.53234,0.4125,Foo,Bar,Baz
495,10,4399.331679,0.1875,97796,500274,584224,0.453743363,16,150524.3428,3.0625,Foo,Bar,Baz
496,13,70593.63903,2.2125,85669,85963,86021,0.498001617,0,0,0,Foo,Bar,Baz
497,6,45034.95844,1,86258,86475,98020,0.796806124,1,80.4,0.0125,Foo,Bar,Baz
498,87,922057.6878,14.7875,67338,67765,88709,0.220942197,2,2566.049403,0.025,Foo,Bar,Baz
499,62,165642.5636,3.3,66854,67126,539741,0.41016933,84,753588.8641,15.125,Foo,Bar,Baz
500,32,20473.27442,0.625,85000,85357,85359,0.46236482,81,535440.0228,12.125,Foo,Bar,Baz
501,23,13446.98789,0.3875,80962,82105,98364,0.429502448,34,374891.5165,6.525,Foo,Bar,Baz
502,1,153.3375,0.0125,50324,,,1,2,26720.41139,0.45,Foo,Bar,Baz
503,0,0,0,,,,0,0,0,0,Foo,Bar,Baz
504,17,106140.565,1.0125,48198,56655,62090,0.920863138,21,188580.9667,3.3375,Foo,Bar,Baz
505,3,870.3477101,0.05,82423,82435,82549,1,3,30299.22709,0.6125,Foo,Bar,Baz
506,0,0,0,,,,0,0,0,0,Foo,Bar,Baz
507,0,0,0,,,,0,0,0,0,Foo,Bar,Baz
508,0,0,0,,,,0,0,0,0,Foo,Bar,Baz
509,0,0,0,,,,0,0,0,0,Foo,Bar,Baz
510,0,0,0,,,,0,0,0,0,Foo,Bar,Baz
511,0,0,0,,,,0,0,0,0,Foo,Bar,Baz
512,11,7617.787899,0.225,90317,90627,90642,0.568893157,24,175167.1822,2.8,Foo,Bar,Baz
513,85,718849.4745,11.5625,74979,75215,500267,0.187343725,69,453004.7845,7,Foo,Bar,Baz
514,91,443909.7091,9.475,85174,85307,85333,0.297083386,88,648797.8474,13.25,Foo,Bar,Baz
515,6,2837.530053,0.075,69269,76342,84888,0.693393411,26,85865.09534,0.9,Foo,Bar,Baz
516,19,7532.134304,0.2375,87624,88848,88923,0.404507289,22,11801.09841,0.3875,Foo,Bar,Baz
517,29,80127.91318,1.375,66894,67173,568942,0.315781789,40,108810.3099,1.6625,Foo,Bar,Baz
518,20,74388.10087,1.7125,82581,82733,577146,0.61486462,56,144145.1569,3.5875,Foo,Bar,Baz
519,128,786645.72,17.425,85755,98041,561263,0.147318536,79,463349.3161,10.8625,Foo,Bar,Baz
520,47,583096.3329,8.8875,86535,86618,570866,0.302767004,42,11581.20563,0.675,Foo,Bar,Baz
521,67,637616.2164,11.7,85721,88682,584342,0.244862117,62,30277.72841,1.175,Foo,Bar,Baz
522,92,649253.0983,15.375,66869,66925,87905,0.155684849,51,122452.5271,3.625,Foo,Bar,Baz
523,31,56168.58849,1.475,85301,85397,85531,0.31756808,37,250637.4853,6.2875,Foo,Bar,Baz
524,20,19946.90123,0.5625,80948,98374,563440,0.627605517,47,301834.789,5.9,Foo,Bar,Baz
525,1,11654.10101,0.1875,573911,,,1,9,11040.89956,0.3125,Foo,Bar,Baz
526,0,0,0,,,,0,0,0,0,Foo,Bar,Baz
527,0,0,0,,,,0,0,0,0,Foo,Bar,Baz
528,8,2116.752811,0.1,570716,570717,592121,0.502641553,9,63146.38634,1.275,Foo,Bar,Baz
529,0,0,0,,,,0,0,0,0,Foo,Bar,Baz
530,0,0,0,,,,0,0,0,0,Foo,Bar,Baz
531,0,0,0,,,,0,0,0,0,Foo,Bar,Baz
532,0,0,0,,,,0,0,0,0,Foo,Bar,Baz
533,0,0,0,,,,0,0,0,0,Foo,Bar,Baz
534,0,0,0,,,,0,14,8028.55826,0.2125,Foo,Bar,Baz
535,3,922.1886512,0.0375,65499,65524,65543,1,11,24109.41279,0.3125,Foo,Bar,Baz
536,81,502208.2848,8.4875,69404,69481,69690,0.422328178,71,552076.9027,9.6125,Foo,Bar,Baz
537,112,1116599.631,20.2,66036,66042,88626,0.140860843,21,72541.19924,1.3,Foo,Bar,Baz
538,3,1417.164932,0.0375,68967,69110,69324,1,53,49850.26968,1.4125,Foo,Bar,Baz
539,1,764.6776097,0.025,568108,,,1,17,16309.49113,0.5,Foo,Bar,Baz
540,32,71537.11813,1.525,67004,78390,78396,0.266258828,37,87834.39394,1.7375,Foo,Bar,Baz
541,34,20221.71606,0.6625,80843,557527,563209,0.310557292,100,582298.7758,9.75,Foo,Bar,Baz
542,49,29602.49877,1.0125,79521,79628,83543,0.351939925,117,1012866.58,16.275,Foo,Bar,Baz
543,14,4493.294565,0.2375,72722,564028,570950,0.536108261,103,143255.2662,4.8625,Foo,Bar,Baz
544,45,193622.1851,4.5875,85886,85934,98997,0.29726651,15,86917.76898,1.5625,Foo,Bar,Baz
545,19,118755.7685,3.0875,66647,66694,66708,0.391663183,7,88651.10286,1.2625,Foo,Bar,Baz
546,59,394715.1031,7.325,66255,66338,66475,0.317302409,38,227458.1022,5,Foo,Bar,Baz
547,1,7175.034618,0.075,538749,,,1,26,51449.01937,0.8375,Foo,Bar,Baz
548,2,942.4420804,0.0375,82496,575104,,1,18,37482.02813,0.6375,Foo,Bar,Baz
549,0,0,0,,,,0,1,171.3,0.0125,Foo,Bar,Baz
550,0,0,0,,,,0,1,546.4701497,0.025,Foo,Bar,Baz
551,0,0,0,,,,0,0,0,0,Foo,Bar,Baz
552,0,0,0,,,,0,0,0,0,Foo,Bar,Baz
553,0,0,0,,,,0,0,0,0,Foo,Bar,Baz
554,0,0,0,,,,0,0,0,0,Foo,Bar,Baz
555,0,0,0,,,,0,0,0,0,Foo,Bar,Baz
556,0,0,0,,,,0,0,0,0,Foo,Bar,Baz
557,15,3743.673855,0.1875,67931,539989,567648,0.389353288,15,6060.783303,0.225,Foo,Bar,Baz
558,10,2261.512169,0.125,65589,90154,573135,0.398642475,16,55534.04375,1.2625,Foo,Bar,Baz
559,35,49071.1166,0.825,66071,90499,90538,0.706981682,58,801860.0005,10.2,Foo,Bar,Baz
560,7,39109.72848,0.7625,69630,524234,564007,0.94276356,6,37309.28242,0.85,Foo,Bar,Baz
561,0,0,0,,,,0,5,14681.77313,0.1,Foo,Bar,Baz
562,11,64216.84059,0.5625,76866,77063,98342,0.777600503,26,124737.5558,1.1,Foo,Bar,Baz
563,65,670811.0162,9.1625,72946,73051,78794,0.239581899,29,119112.4957,1.2125,Foo,Bar,Baz
564,90,835799.1769,7.9125,73122,73343,78694,0.60049919,85,806959.9665,15.2875,Foo,Bar,Baz
565,88,121152.278,4.5625,76582,76596,76928,0.274408153,106,769976.4921,18.1875,Foo,Bar,Baz
566,17,94915.47563,2.325,82238,84904,562277,0.5970954,27,76246.27392,1.875,Foo,Bar,Baz
567,16,14508.01326,0.3375,72229,85336,88220,0.692839499,29,349337.832,4.4875,Foo,Bar,Baz
568,20,10297.90237,0.325,72256,88417,88562,0.602538655,51,438941.5704,9.3,Foo,Bar,Baz
569,6,9563.819265,0.2625,88124,538754,606012,0.875006911,13,93886.76557,2.0625,Foo,Bar,Baz
570,5,2164.996402,0.1,88025,88123,97728,0.686321249,13,76869.66959,1.5375,Foo,Bar,Baz
571,1,4445.424031,0.0375,98740,,,1,14,5530.402209,0.1875,Foo,Bar,Baz
572,6,21780.6409,0.2375,80639,81935,98269,0.702244153,4,4232.336174,0.05,Foo,Bar,Baz
573,0,0,0,,,,0,3,1384.636091,0.0625,Foo,Bar,Baz
574,0,0,0,,,,0,0,0,0,Foo,Bar,Baz
575,0,0,0,,,,0,0,0,0,Foo,Bar,Baz
576,0,0,0,,,,0,0,0,0,Foo,Bar,Baz
577,0,0,0,,,,0,0,0,0,Foo,Bar,Baz
578,0,0,0,,,,0,0,0,0,Foo,Bar,Baz
579,0,0,0,,,,0,0,0,0,Foo,Bar,Baz
580,1,167.7809884,0.0125,523216,,,1,6,2322.356932,0.075,Foo,Bar,Baz
581,0,0,0,,,,0,0,0,0,Foo,Bar,Baz
582,1,213.7303278,0.0125,570453,,,1,1,5422.197371,0.1875,Foo,Bar,Baz
583,0,0,0,,,,0,0,0,0,Foo,Bar,Baz
584,82,828056.5681,16.975,76273,77135,77171,0.178472008,16,37736.06548,0.7625,Foo,Bar,Baz
585,37,428171.004,5.625,69839,70066,72312,0.46891907,103,248264.447,4.4375,Foo,Bar,Baz
586,69,645439.7788,10.4375,78502,524287,576393,0.159105164,33,120655.2465,1.3,Foo,Bar,Baz
587,137,835524.2895,13.225,79548,79650,573291,0.223544853,16,114115.1691,2.8,Foo,Bar,Baz
588,79,453505.7551,14.175,76159,76258,82588,0.125283977,36,74683.11201,1.3625,Foo,Bar,Baz
589,55,519565.9903,11.2625,82123,82364,82472,0.260044859,2,1302.970048,0.05,Foo,Bar,Baz
590,1,10907.44409,0.1625,82081,,,1,32,81627.11599,1.9,Foo,Bar,Baz
591,0,0,0,,,,0,12,89521.29322,1.075,Foo,Bar,Baz
592,20,80519.20527,1.3375,70035,70158,564375,0.328725342,22,313405.8139,3.9375,Foo,Bar,Baz
593,19,64932.44255,0.9,70500,70514,81964,0.345224517,8,71006.93092,1.025,Foo,Bar,Baz
594,17,52519.39778,0.7125,82002,98422,521607,0.425921401,1,3608.517284,0.1375,Foo,Bar,Baz
595,4,22168.81922,0.1875,98270,98271,569673,0.92857869,5,2789.687851,0.0875,Foo,Bar,Baz
596,41,167192.5477,2.1,52180,500148,581446,0.419999007,6,2949.413527,0.075,Foo,Bar,Baz
597,0,0,0,,,,0,0,0,0,Foo,Bar,Baz
598,0,0,0,,,,0,0,0,0,Foo,Bar,Baz
599,0,0,0,,,,0,0,0,0,Foo,Bar,Baz
600,0,0,0,,,,0,0,0,0,Foo,Bar,Baz
601,0,0,0,,,,0,0,0,0,Foo,Bar,Baz
602,0,0,0,,,,0,0,0,0,Foo,Bar,Baz
603,0,0,0,,,,0,0,0,0,Foo,Bar,Baz
604,0,0,0,,,,0,0,0,0,Foo,Bar,Baz
605,0,0,0,,,,0,0,0,0,Foo,Bar,Baz
606,95,303864.1933,7.0375,66950,67444,89512,0.306189082,98,900919.2415,20,Foo,Bar,Baz
607,148,1648594.635,28.775,67052,89799,564009,0.13531951,16,152798.8939,2.8375,Foo,Bar,Baz
608,107,643298.9962,13.175,70040,70056,90013,0.249584522,98,875457.9792,13.425,Foo,Bar,Baz
609,67,847441.5978,11.4875,71285,81034,538738,0.261145821,45,26056.55795,1.0125,Foo,Bar,Baz
610,36,336714.3203,5.1125,88960,89022,97947,0.323353264,43,40937.96905,0.75,Foo,Bar,Baz
611,22,57289.86813,0.8875,79002,79080,538823,0.411759111,83,37358.3987,1.4625,Foo,Bar,Baz
612,0,0,0,,,,0,4,1874.762379,0.0625,Foo,Bar,Baz
613,3,31155.7418,0.575,86829,86894,588082,1,0,0,0,Foo,Bar,Baz
614,19,82343.96998,2,70473,86920,500180,0.408103746,9,86291.22911,1.425,Foo,Bar,Baz
615,49,505400.7615,7.375,83252,83370,564212,0.223184487,21,54230.26443,0.6,Foo,Bar,Baz
616,19,12038.08727,0.3375,81887,87834,98429,0.573643135,14,6800.940764,0.2125,Foo,Bar,Baz
617,1,9247.093874,0.05,82020,,,1,0,0,0,Foo,Bar,Baz
618,7,28844.29683,0.2875,77513,78048,98468,0.76174727,0,0,0,Foo,Bar,Baz
619,2,8022.939948,0.0875,77525,576130,,1,0,0,0,Foo,Bar,Baz
620,0,0,0,,,,0,0,0,0,Foo,Bar,Baz
621,0,0,0,,,,0,0,0,0,Foo,Bar,Baz
622,0,0,0,,,,0,0,0,0,Foo,Bar,Baz
623,0,0,0,,,,0,0,0,0,Foo,Bar,Baz
624,0,0,0,,,,0,0,0,0,Foo,Bar,Baz
625,0,0,0,,,,0,0,0,0,Foo,Bar,Baz
626,0,0,0,,,,0,0,0,0,Foo,Bar,Baz
627,0,0,0,,,,0,0,0,0,Foo,Bar,Baz
628,0,0,0,,,,0,0,0,0,Foo,Bar,Baz
629,19,8522.351928,0.2875,89082,89464,500228,0.406988429,39,387313.5367,7.5375,Foo,Bar,Baz
630,19,47724.90336,1.025,67198,67532,67551,0.836697457,23,301394.7225,4.55,Foo,Bar,Baz
631,54,35536.09042,0.9125,70572,70673,70689,0.284770204,82,1154127.424,14.475,Foo,Bar,Baz
632,7,18477.34219,0.325,76801,570543,607942,0.895710518,43,106974.4325,2.2625,Foo,Bar,Baz
633,50,765172.1766,10.5875,81349,89277,89318,0.221524919,26,9113.146095,0.3375,Foo,Bar,Baz
634,66,166150.012,3.225,89212,89218,89241,0.546143877,90,888530.7332,15.825,Foo,Bar,Baz
635,136,710209.7779,12.7125,74163,80945,98897,0.163576285,114,1822664.787,21.35,Foo,Bar,Baz
636,6,61628.20485,1.275,73979,74007,80977,0.701371126,0,0,0,Foo,Bar,Baz
637,96,657480.2552,14.2,86497,86963,561585,0.158363748,37,80610.14675,1.8125,Foo,Bar,Baz
638,23,264547.9525,4.1625,83554,83606,559867,0.415396771,23,5236.856043,0.3,Foo,Bar,Baz
639,11,56683.92771,1.2375,81878,98237,98240,0.636083326,30,8072.075474,0.3875,Foo,Bar,Baz
640,23,82527.15086,1.25,76475,80236,98246,0.566279511,0,0,0,Foo,Bar,Baz
641,24,258736.2105,3.3125,79992,80146,98395,0.490983765,2,493.55,0.025,Foo,Bar,Baz
642,10,165717.5653,2.025,80021,81565,98295,0.596430045,3,513.7243489,0.0375,Foo,Bar,Baz
643,0,0,0,,,,0,0,0,0,Foo,Bar,Baz
644,0,0,0,,,,0,0,0,0,Foo,Bar,Baz
645,0,0,0,,,,0,0,0,0,Foo,Bar,Baz
646,0,0,0,,,,0,0,0,0,Foo,Bar,Baz
647,0,0,0,,,,0,0,0,0,Foo,Bar,Baz
648,0,0,0,,,,0,0,0,0,Foo,Bar,Baz
649,0,0,0,,,,0,0,0,0,Foo,Bar,Baz
650,0,0,0,,,,0,0,0,0,Foo,Bar,Baz
651,0,0,0,,,,0,0,0,0,Foo,Bar,Baz
652,0,0,0,,,,0,0,0,0,Foo,Bar,Baz
653,0,0,0,,,,0,0,0,0,Foo,Bar,Baz
654,0,0,0,,,,0,13,14903.98861,0.2625,Foo,Bar,Baz
655,0,0,0,,,,0,32,12818.25419,0.5375,Foo,Bar,Baz
656,68,270215.6313,4.1375,66060,66199,66421,0.358711219,74,1214698.695,12.5375,Foo,Bar,Baz
657,68,21652.3051,0.9125,75398,87574,566160,0.180919798,156,805999.7877,13.5125,Foo,Bar,Baz
658,137,685358.7466,13.1625,81107,81262,90007,0.169875336,139,1328005.859,21.8125,Foo,Bar,Baz
659,0,0,0,,,,0,0,0,0,Foo,Bar,Baz
660,4,16640.66625,0.575,86437,86744,86752,0.922879286,4,5577.945366,0.2125,Foo,Bar,Baz
661,7,84076.88148,1.2625,86478,86567,573436,0.567656075,6,9144.78576,0.325,Foo,Bar,Baz
662,68,706797.4154,12.8125,84182,85226,85528,0.226300571,5,1232.683358,0.0625,Foo,Bar,Baz
663,39,401968.7431,5.5875,76641,76711,98247,0.379272245,12,2279.153677,0.15,Foo,Bar,Baz
664,51,800194.7039,10.1,80118,80202,568115,0.199578248,5,3633.228691,0.0625,Foo,Bar,Baz
665,57,394429.444,7.5125,81626,91204,539859,0.214363509,41,318621.3616,5.325,Foo,Bar,Baz
666,18,148498.3888,3.3875,88190,88342,88487,0.31258982,4,732.0851825,0.05,Foo,Bar,Baz
667,0,0,0,,,,0,0,0,0,Foo,Bar,Baz
668,0,0,0,,,,0,0,0,0,Foo,Bar,Baz
669,0,0,0,,,,0,0,0,0,Foo,Bar,Baz
670,0,0,0,,,,0,0,0,0,Foo,Bar,Baz
671,0,0,0,,,,0,0,0,0,Foo,Bar,Baz
672,0,0,0,,,,0,0,0,0,Foo,Bar,Baz
673,0,0,0,,,,0,0,0,0,Foo,Bar,Baz
674,0,0,0,,,,0,0,0,0,Foo,Bar,Baz
675,0,0,0,,,,0,0,0,0,Foo,Bar,Baz
676,8,2919.184613,0.15,78696,79102,79146,0.524147734,12,102732.2788,2.2,Foo,Bar,Baz
677,33,15712.13109,0.55,78563,79075,84824,0.362617735,76,713314.2301,13.975,Foo,Bar,Baz
678,53,282754.3634,4.4,89919,90089,90409,0.451370018,43,374185.2568,8.4,Foo,Bar,Baz
679,114,1172316.684,17.25,65944,66276,85222,0.167870357,61,346478.9199,5.925,Foo,Bar,Baz
680,35,11513.87441,0.5125,97962,98963,500801,0.211305401,136,274095.5971,7.0375,Foo,Bar,Baz
681,40,351356.1184,5.725,90097,90118,575667,0.344810338,61,310052.1839,4.475,Foo,Bar,Baz
682,34,12335.29838,0.55,69857,73143,73170,0.230098191,49,536370.6351,9.25,Foo,Bar,Baz
683,16,6524.394786,0.275,69560,69763,69777,0.348110078,27,205959.5952,4.9625,Foo,Bar,Baz
684,11,161573.3801,1.875,87605,87610,87629,0.545371714,0,0,0,Foo,Bar,Baz
685,7,36833.99066,1.1125,84359,84388,500297,0.757347589,0,0,0,Foo,Bar,Baz
686,18,133998.4029,3,76655,98776,576887,0.441323966,23,8449.408034,0.45,Foo,Bar,Baz
687,23,20972.45658,0.6125,88842,88950,559904,0.71476756,52,376207.0408,6.8875,Foo,Bar,Baz
688,99,523812.5588,10.0625,85820,87912,88642,0.263727534,92,675777.2903,13.825,Foo,Bar,Baz
689,49,356643.301,8.0625,85950,88031,581257,0.182930047,21,4177.350668,0.2625,Foo,Bar,Baz
690,0,0,0,,,,0,0,0,0,Foo,Bar,Baz
691,0,0,0,,,,0,0,0,0,Foo,Bar,Baz
692,0,0,0,,,,0,0,0,0,Foo,Bar,Baz
693,0,0,0,,,,0,0,0,0,Foo,Bar,Baz
694,0,0,0,,,,0,0,0,0,Foo,Bar,Baz
695,0,0,0,,,,0,0,0,0,Foo,Bar,Baz
696,0,0,0,,,,0,0,0,0,Foo,Bar,Baz
697,0,0,0,,,,0,0,0,0,Foo,Bar,Baz
698,0,0,0,,,,0,0,0,0,Foo,Bar,Baz
699,3,1454.071226,0.0625,78969,79130,586610,1,6,52808.89061,1.3375,Foo,Bar,Baz
700,128,643793.2788,16.4375,87808,89665,90978,0.131202863,84,772098.9209,16.2125,Foo,Bar,Baz
701,164,1023496.546,19.575,83112,83123,521929,0.171680275,146,1110821.797,22.4875,Foo,Bar,Baz
702,56,564451.7839,6.675,90200,90329,561909,0.483067246,74,260428.0911,6.35,Foo,Bar,Baz
703,45,82017.46834,2.425,79265,79281,79298,0.438075123,77,557350.2781,10.1375,Foo,Bar,Baz
704,57,516106.4409,8.6875,79190,79451,79466,0.189871027,28,145646.3981,3,Foo,Bar,Baz
705,14,37913.78589,0.4875,66492,82780,99009,0.902635639,21,163829.9719,3.525,Foo,Bar,Baz
706,3,3251.768929,0.0375,574785,575024,575025,1,3,50432.86919,0.4875,Foo,Bar,Baz
707,67,360073.1546,6.475,87362,97888,500808,0.217211373,49,428737.1807,7.725,Foo,Bar,Baz
708,72,705507.7457,12.025,70585,71140,87583,0.24432097,0,0,0,Foo,Bar,Baz
709,3,23205.47728,0.725,70872,70941,70956,1,25,9589.96398,0.45,Foo,Bar,Baz
710,7,2264.797395,0.1125,90994,91023,91025,0.792354782,39,83799.10392,2.275,Foo,Bar,Baz
711,15,204173.6348,2.5875,88217,91013,566254,0.612614135,2,16664.86377,0.5,Foo,Bar,Baz
712,17,151126.2246,3.8875,88085,88114,88174,0.287879664,0,0,0,Foo,Bar,Baz
713,0,0,0,,,,0,0,0,0,Foo,Bar,Baz
714,0,0,0,,,,0,0,0,0,Foo,Bar,Baz
715,0,0,0,,,,0,0,0,0,Foo,Bar,Baz
716,0,0,0,,,,0,0,0,0,Foo,Bar,Baz
717,0,0,0,,,,0,0,0,0,Foo,Bar,Baz
718,0,0,0,,,,0,0,0,0,Foo,Bar,Baz
719,0,0,0,,,,0,0,0,0,Foo,Bar,Baz
720,0,0,0,,,,0,0,0,0,Foo,Bar,Baz
721,0,0,0,,,,0,0,0,0,Foo,Bar,Baz
722,0,0,0,,,,0,0,0,0,Foo,Bar,Baz
723,16,274986.2853,3.3875,88007,88517,559205,0.615639018,0,0,0,Foo,Bar,Baz
724,58,610496.3525,11.5875,88108,88318,565458,0.260979684,1,250.35,0.0125,Foo,Bar,Baz
725,68,910508.5041,11.7875,83636,83700,83710,0.239436709,10,93227.56409,1.9125,Foo,Bar,Baz
726,117,724552.2139,10.7375,87729,87900,87936,0.25492126,95,1075102.757,19.1,Foo,Bar,Baz
727,87,950334.8635,17.8625,66774,66860,67124,0.163328059,1,2118.228674,0.0125,Foo,Bar,Baz
728,40,210709.8803,4.8,66627,67021,97887,0.356819991,19,206423.4344,3.7125,Foo,Bar,Baz
729,0,0,0,,,,0,0,0,0,Foo,Bar,Baz
730,4,6628.499479,0.175,87796,562957,562958,0.939171754,6,36328.71406,0.7375,Foo,Bar,Baz
731,5,47892.87492,0.675,71074,561584,608104,0.724597793,23,17008.67596,0.45,Foo,Bar,Baz
732,5,88584.58435,0.8375,86964,87051,570854,0.977639278,19,10189.52202,0.3375,Foo,Bar,Baz
733,63,1183541.247,12.5125,86034,86195,567347,0.222306969,0,0,0,Foo,Bar,Baz
734,60,807551.8955,11.8625,90990,500207,569242,0.187092389,27,32719.04606,0.6875,Foo,Bar,Baz
735,0,0,0,,,,0,0,0,0,Foo,Bar,Baz
736,0,0,0,,,,0,0,0,0,Foo,Bar,Baz
737,0,0,0,,,,0,0,0,0,Foo,Bar,Baz
738,0,0,0,,,,0,0,0,0,Foo,Bar,Baz
739,0,0,0,,,,0,0,0,0,Foo,Bar,Baz
740,0,0,0,,,,0,0,0,0,Foo,Bar,Baz
741,0,0,0,,,,0,0,0,0,Foo,Bar,Baz
742,0,0,0,,,,0,0,0,0,Foo,Bar,Baz
743,0,0,0,,,,0,0,0,0,Foo,Bar,Baz
744,0,0,0,,,,0,0,0,0,Foo,Bar,Baz
745,0,0,0,,,,0,0,0,0,Foo,Bar,Baz
746,0,0,0,,,,0,0,0,0,Foo,Bar,Baz
747,0,0,0,,,,0,0,0,0,Foo,Bar,Baz
748,0,0,0,,,,0,0,0,0,Foo,Bar,Baz
749,0,0,0,,,,0,0,0,0,Foo,Bar,Baz
750,0,0,0,,,,0,0,0,0,Foo,Bar,Baz
751,0,0,0,,,,0,0,0,0,Foo,Bar,Baz
752,0,0,0,,,,0,0,0,0,Foo,Bar,Baz
753,0,0,0,,,,0,0,0,0,Foo,Bar,Baz
754,0,0,0,,,,0,10,10585.35959,0.2125,Foo,Bar,Baz
755,1,283.5513832,0.0125,90805,,,1,13,9377.027803,0.225,Foo,Bar,Baz
756,32,461124.8521,6.375,86823,86836,90649,0.383029424,28,77864.40181,1.9375,Foo,Bar,Baz
757,118,79755.78737,2.3625,85193,87451,90904,0.147730351,173,2253148.712,33.625,Foo,Bar,Baz
758,0,0,0,,,,0,0,0,0,Foo,Bar,Baz
759,0,0,0,,,,0,0,0,0,Foo,Bar,Baz
760,0,0,0,,,,0,0,0,0,Foo,Bar,Baz
761,0,0,0,,,,0,0,0,0,Foo,Bar,Baz
762,0,0,0,,,,0,0,0,0,Foo,Bar,Baz
763,0,0,0,,,,0,0,0,0,Foo,Bar,Baz
764,0,0,0,,,,0,0,0,0,Foo,Bar,Baz
765,0,0,0,,,,0,0,0,0,Foo,Bar,Baz
766,0,0,0,,,,0,0,0,0,Foo,Bar,Baz
767,0,0,0,,,,0,0,0,0,Foo,Bar,Baz
768,0,0,0,,,,0,0,0,0,Foo,Bar,Baz
769,0,0,0,,,,0,0,0,0,Foo,Bar,Baz
770,0,0,0,,,,0,0,0,0,Foo,Bar,Baz
771,0,0,0,,,,0,0,0,0,Foo,Bar,Baz
772,0,0,0,,,,0,0,0,0,Foo,Bar,Baz
773,0,0,0,,,,0,0,0,0,Foo,Bar,Baz
774,0,0,0,,,,0,0,0,0,Foo,Bar,Baz
775,0,0,0,,,,0,0,0,0,Foo,Bar,Baz
776,0,0,0,,,,0,0,0,0,Foo,Bar,Baz
777,0,0,0,,,,0,0,0,0,Foo,Bar,Baz
778,0,0,0,,,,0,8,5960.169155,0.15,Foo,Bar,Baz
779,0,0,0,,,,0,0,0,0,Foo,Bar,Baz
780,1,81.675,0.0125,90913,,,1,2,9651.417927,0.3,Foo,Bar,Baz
781,0,0,0,,,,0,0,0,0,Foo,Bar,Baz
782,0,0,0,,,,0,0,0,0,Foo,Bar,Baz
