id,moclients,moincome,tuclients,tuincome,weclients,weincome,thclients,thincome,frclients,frincome,saclients,saincome,suclients,suincome
1,0,,0,,0,,0,,0,,0,,0,
2,0,,0,,0,,0,,0,,0,,0,
3,0,,0,,0,,0,,0,,0,,0,
4,0,,0,,0,,0,,0,,0,,0,
5,0,,0,,0,,0,,0,,0,,0,
6,0,,0,,0,,0,,0,,0,,0,
7,0,,0,,0,,0,,0,,0,,0,
8,0,,0,,0,,0,,0,,0,,0,
9,0,,0,,0,,0,,0,,0,,0,
10,49,424327.9945,23,5748.794715,27,24456.45743,50,67911.26383,0,,2,1342.717898,28,9173.598525
11,0,,0,,0,,0,,0,,0,,0,
12,0,,0,,0,,0,,0,,0,,0,
13,0,,0,,0,,0,,0,,0,,0,
14,0,,0,,0,,0,,0,,0,,0,
15,0,,0,,0,,0,,0,,0,,0,
16,0,,0,,0,,0,,0,,0,,0,
17,0,,0,,0,,0,,0,,0,,0,
18,0,,0,,0,,0,,0,,0,,0,
19,0,,0,,0,,0,,0,,0,,0,
20,0,,0,,0,,0,,0,,0,,0,
21,0,,0,,0,,0,,0,,0,,0,
22,0,,0,,0,,0,,0,,0,,0,
23,0,,0,,0,,0,,0,,0,,0,
24,0,,0,,0,,0,,0,,0,,0,
25,0,,0,,0,,0,,0,,0,,0,
26,0,,0,,0,,0,,0,,0,,0,
27,0,,0,,0,,0,,0,,0,,0,
28,0,,0,,0,,0,,0,,0,,0,
29,0,,0,,0,,0,,0,,0,,0,
30,0,,0,,0,,0,,0,,0,,0,
31,0,,0,,0,,0,,0,,0,,0,
32,0,,0,,0,,0,,0,,0,,0,
33,0,,0,,0,,0,,0,,0,,0,
34,0,,1,615.9631463,1,19613.63166,0,,0,,1,24599.54634,0,
35,0,,5,1569.591549,9,6895.224617,0,,5,1499.943923,9,68248.34647,1,162.5777188
36,0,,7,4287.136375,12,12333.22493,0,,3,1684.894617,12,29739.87463,6,273.4499912
37,0,,0,,0,,0,,0,,0,,0,
38,0,,0,,0,,0,,0,,0,,0,
39,0,,0,,0,,0,,0,,0,,0,
40,0,,0,,0,,0,,0,,0,,0,
41,0,,0,,0,,0,,0,,0,,0,
42,0,,0,,0,,0,,0,,0,,0,
43,0,,0,,0,,0,,0,,0,,0,
44,0,,0,,0,,0,,0,,0,,0,
45,0,,0,,0,,0,,0,,0,,0,
46,0,,0,,0,,0,,0,,0,,0,
47,0,,0,,0,,0,,0,,0,,0,
48,0,,0,,0,,0,,0,,0,,0,
49,0,,0,,0,,0,,0,,0,,0,
50,0,,0,,0,,0,,0,,0,,0,
51,0,,0,,0,,0,,0,,0,,0,
52,0,,0,,0,,0,,0,,0,,0,
53,0,,0,,0,,0,,0,,0,,0,
54,0,,0,,0,,0,,0,,0,,0,
55,0,,0,,0,,0,,0,,0,,0,
56,2,9719.246856,8,397.4482925,13,151782.2598,2,16354.84827,5,1853.143193,11,265594.1185,9,873.5727463
57,26,26875.18925,56,22388.38232,94,82494.27185,27,39216.76748,33,14881.83336,74,115984.292,50,16876.45224
58,43,715791.4355,20,18269.28526,57,32279.97413,42,419344.5361,10,127.7954783,26,448439.8912,37,22822.91752
59,8,22398.72186,3,184.8821913,15,754.6139525,9,98469.73387,3,1171.569185,7,1697.657841,11,11597.42623
60,0,,0,,0,,0,,0,,0,,0,
61,0,,0,,0,,0,,0,,0,,0,
62,0,,0,,0,,0,,0,,0,,0,
63,0,,0,,0,,0,,0,,0,,0,
64,0,,0,,0,,0,,0,,0,,0,
65,0,,0,,0,,0,,0,,0,,0,
66,0,,0,,0,,0,,0,,0,,0,
67,0,,0,,0,,0,,0,,0,,0,
68,0,,0,,0,,0,,0,,0,,0,
69,0,,0,,0,,0,,0,,0,,0,
70,0,,0,,0,,0,,0,,0,,0,
71,0,,0,,0,,0,,0,,0,,0,
72,0,,0,,0,,0,,0,,0,,0,
73,0,,0,,0,,0,,0,,0,,0,
74,0,,0,,0,,0,,0,,0,,0,
75,0,,0,,0,,0,,0,,0,,0,
76,0,,0,,0,,0,,0,,0,,0,
77,0,,0,,0,,0,,0,,0,,0,
78,0,,0,,0,,0,,0,,0,,0,
79,18,11458.54138,5,67868.65569,8,125.9141978,17,147619.9926,4,12563.39398,3,12235.32778,10,271.6735916
80,101,639429.6787,77,677357.3349,38,1371.644158,101,94232.91594,66,118476.1269,0,,35,12935.28627
81,109,1322528.245,78,773417.7588,49,18679.44462,113,777517.8724,76,12687.74255,21,7895.699124,39,2232.665459
82,43,476633.9661,27,51668.356,14,4912.879998,45,272436.5554,27,34841.64979,3,1874.366897,14,7841.837779
83,45,54452.69747,3,4348.273441,34,16451.95259,45,51821.51266,12,43185.22638,0,,23,1879.416998
84,5,3489.188551,1,123.9767619,2,1154.557478,5,49827.63972,2,1612.197815,0,,2,67.35714286
85,0,,0,,0,,0,,0,,0,,0,
86,0,,0,,0,,0,,0,,0,,0,
87,0,,0,,0,,0,,0,,0,,0,
88,0,,0,,0,,0,,0,,0,,0,
89,0,,0,,0,,0,,0,,0,,0,
90,0,,0,,0,,0,,0,,0,,0,
91,0,,0,,0,,0,,0,,0,,0,
92,0,,0,,0,,0,,0,,0,,0,
93,0,,0,,0,,0,,0,,0,,0,
94,0,,0,,0,,0,,0,,0,,0,
95,0,,0,,0,,0,,0,,0,,0,
96,0,,0,,0,,0,,0,,0,,0,
97,0,,0,,0,,0,,0,,0,,0,
98,0,,0,,0,,0,,0,,0,,0,
99,0,,0,,0,,0,,0,,0,,0,
100,0,,0,,0,,0,,0,,0,,0,
101,0,,0,,0,,0,,0,,0,,0,
102,4,9122.396729,13,45294.33134,18,32673.79926,6,7836.163333,12,67491.86879,19,229258.6947,9,373.4323156
103,82,7464.966894,112,42391.71264,148,181695.7368,78,68691.39669,88,43852.62545,119,1166744.363,69,23819.84876
104,66,36912.754,53,8796.689333,33,39735.48375,61,361348.314,51,54221.99268,17,63578.35979,25,1162.326117
105,15,3447.319914,16,3386.845565,4,1531.659665,17,4335.721216,17,175425.8465,11,3883.114617,2,437.3694689
106,19,175659.947,0,,10,5911.159426,19,189421.4439,3,579.4397833,1,1331.526527,10,2285.852687
107,0,,0,,0,,0,,0,,0,,0,
108,0,,0,,0,,0,,0,,0,,0,
109,0,,0,,0,,0,,0,,0,,0,
110,0,,0,,0,,0,,0,,0,,0,
111,0,,0,,0,,0,,0,,0,,0,
112,0,,0,,0,,0,,0,,0,,0,
113,0,,0,,0,,0,,0,,0,,0,
114,0,,0,,0,,0,,0,,0,,0,
115,0,,0,,0,,0,,0,,0,,0,
116,0,,0,,0,,0,,0,,0,,0,
117,0,,0,,0,,0,,0,,0,,0,
118,0,,0,,0,,0,,0,,0,,0,
119,0,,0,,0,,0,,0,,0,,0,
120,0,,0,,0,,0,,0,,0,,0,
121,0,,0,,0,,0,,0,,0,,0,
122,0,,0,,0,,0,,0,,0,,0,
123,0,,0,,0,,0,,0,,0,,0,
124,0,,0,,0,,0,,0,,0,,0,
125,73,368267.9918,81,62331.57276,44,36717.49893,79,361969.5737,72,7188.874828,34,246371.6255,26,85.54537134
126,138,98893.47389,106,817865.9499,66,21373.41646,130,836316.3277,99,946189.8574,19,687.1236736,44,1375.261891
127,3,27412.68934,0,,2,738.1248678,3,23744.77163,0,,0,,0,
128,10,8229.222956,0,,6,1613.163447,10,131161.1718,0,,0,,6,149.5278149
129,79,783916.796,24,148139.9549,49,22677.17938,76,159787.696,11,29244.96926,0,,38,1481.513749
130,0,,0,,0,,0,,0,,0,,0,
131,0,,0,,0,,0,,0,,0,,0,
132,0,,0,,0,,0,,0,,0,,0,
133,0,,0,,0,,0,,0,,0,,0,
134,0,,0,,0,,0,,0,,0,,0,
135,0,,0,,0,,0,,0,,0,,0,
136,0,,0,,0,,0,,0,,0,,0,
137,0,,0,,0,,0,,0,,0,,0,
138,0,,0,,0,,0,,0,,0,,0,
139,0,,0,,0,,0,,0,,0,,0,
140,0,,0,,0,,0,,0,,0,,0,
141,0,,0,,0,,0,,0,,0,,0,
142,0,,0,,0,,0,,0,,0,,0,
143,0,,0,,0,,0,,0,,0,,0,
144,0,,0,,0,,0,,0,,0,,0,
145,0,,0,,0,,0,,0,,0,,0,
146,0,,0,,0,,0,,0,,0,,0,
147,0,,0,,0,,0,,0,,0,,0,
148,28,24553.18226,0,,11,2511.367492,28,261483.3612,0,,0,,14,421.2873632
149,72,58449.64952,14,31862.34523,51,143452.4467,74,692934.3719,6,23745.71756,11,14823.72322,45,1581.883435
150,1,13219.35865,1,572.9142532,3,8632.437795,1,2328.13854,0,,2,7252.152267,2,429.9755892
151,6,2542.467724,7,95724.75623,2,749.486855,3,165.9578995,7,88856.82545,1,266.5878678,0,
152,70,31359.2293,97,158516.9474,18,21181.37413,60,24516.88964,98,1393616.432,27,3542.562158,0,
153,3,15.92614379,3,22686.33587,3,37852.24163,2,534.3213469,4,25347.8645,2,45229.23457,1,283.8951257
154,0,,0,,0,,0,,0,,0,,0,
155,0,,0,,0,,0,,0,,0,,0,
156,0,,0,,0,,0,,0,,0,,0,
157,0,,0,,0,,0,,0,,0,,0,
158,0,,0,,0,,0,,0,,0,,0,
159,0,,0,,0,,0,,0,,0,,0,
160,0,,0,,0,,0,,0,,0,,0,
161,0,,0,,0,,0,,0,,0,,0,
162,0,,0,,0,,0,,0,,0,,0,
163,0,,0,,0,,0,,0,,0,,0,
164,0,,0,,0,,0,,0,,0,,0,
165,0,,0,,0,,0,,0,,0,,0,
166,0,,0,,0,,0,,0,,0,,0,
167,0,,0,,0,,0,,0,,0,,0,
168,0,,0,,0,,0,,0,,0,,0,
169,1,259.7857143,12,2143.762425,16,22516.63563,1,468.5448959,8,21886.31924,16,256398.6138,8,262.4837314
170,10,72435.71168,8,362.7938344,12,11911.1563,10,92367.23411,5,1543.542966,9,123384.7823,12,2213.157535
171,0,,0,,0,,0,,0,,0,,0,
172,43,281784.7487,83,5737.126974,126,1376788.272,27,26325.966,23,19959.48926,109,195166.9447,81,71981.29497
173,21,17226.27913,31,46656.2925,7,53268.75318,25,24393.65412,30,338149.3154,6,58172.84585,5,2889.576518
174,19,33578.46597,0,,14,8162.178563,19,25113.79413,0,,1,1721.734429,7,3456.347962
175,121,1122595.37,99,5719.6326,146,97299.65343,112,926526.2872,73,46777.51748,89,958641.633,79,24836.75367
176,11,6964.726219,25,26658.57345,36,369149.1974,7,5792.89898,17,11847.21876,35,492991.2679,19,4197.489974
177,0,,0,,0,,0,,0,,0,,0,
178,0,,0,,0,,0,,0,,0,,0,
179,0,,0,,0,,0,,0,,0,,0,
180,0,,0,,0,,0,,0,,0,,0,
181,0,,0,,0,,0,,0,,0,,0,
182,0,,0,,0,,0,,0,,0,,0,
183,0,,0,,0,,0,,0,,0,,0,
184,0,,0,,0,,0,,0,,0,,0,
185,0,,0,,0,,0,,0,,0,,0,
186,0,,0,,0,,0,,0,,0,,0,
187,0,,0,,0,,0,,0,,0,,0,
188,0,,0,,0,,0,,0,,0,,0,
189,0,,0,,0,,0,,0,,0,,0,
190,0,,1,592.1415374,0,,0,,1,731.31252,0,,0,
191,0,,1,1534.438334,0,,1,195.7443682,1,1356.785382,0,,0,
192,16,1564.463735,37,13178.43624,47,562582.5753,1,8178.118125,20,1226.241962,47,88668.67795,22,884.7721712
193,4,681.3668533,17,6293.435577,29,286592.9968,1,5738.893896,12,9652.641497,28,444827.6399,10,382.8597699
194,1,428.1198366,1,537.8769643,1,25461.73817,0,,0,,1,23786.43965,0,
195,82,666995.4883,105,4587.426727,83,87578.66189,82,182442.3977,74,684859.2884,44,52419.95375,65,23144.36413
196,63,7293.311758,152,1631945.249,96,152178.7567,92,1127.985488,155,1283736.786,109,1136733.914,46,1381.934268
197,138,1919.539982,116,11887.48296,131,672134.5334,149,956312.288,113,9824.259636,67,5131.238541,100,36763.57534
198,167,9897.714644,158,1617123.418,111,59528.84119,181,175461.5164,141,1928321.683,27,37849.74399,62,21278.81476
199,31,14766.24534,52,51693.95298,24,77785.19212,30,19824.6779,51,771276.2877,8,14911.79211,1,18.425649
200,0,,0,,0,,0,,0,,0,,0,
201,0,,0,,0,,0,,0,,0,,0,
202,0,,0,,0,,0,,0,,0,,0,
203,0,,0,,0,,0,,0,,0,,0,
204,0,,0,,0,,0,,0,,0,,0,
205,0,,0,,0,,0,,0,,0,,0,
206,0,,0,,0,,0,,0,,0,,0,
207,0,,0,,0,,0,,0,,0,,0,
208,0,,0,,0,,0,,0,,0,,0,
209,0,,0,,0,,0,,0,,0,,0,
210,0,,0,,0,,0,,0,,0,,0,
211,0,,0,,0,,0,,0,,0,,0,
212,0,,0,,0,,0,,0,,0,,0,
213,0,,0,,0,,0,,0,,0,,0,
214,0,,0,,0,,0,,0,,0,,0,
215,8,2319.492433,15,596.3542883,22,227718.1628,8,263.4574265,8,2879.586768,22,242551.1412,9,1982.833525
216,12,8276.522895,29,13135.77622,53,515921.3112,39,7346.97983,28,9861.567498,49,739419.5156,20,774.4511474
217,75,794897.965,19,119392.8737,38,38893.29477,72,6293.819728,28,17849.47617,7,28153.21972,33,12763.6744
218,89,454492.8623,96,85248.64142,72,3885.144978,138,194823.9249,112,1317255.535,18,2433.615487,25,11467.3137
219,72,663943.5214,0,,46,29969.48396,74,963793.4733,31,12427.14994,1,5374.124396,39,1423.372487
220,30,29886.37557,131,145254.549,223,2482642.579,46,21984.8256,82,134122.8174,210,237761.3182,109,39984.23631
221,111,16154.46625,198,2219659.157,91,59323.29921,99,8956.913846,185,171759.5667,67,598925.672,19,7563.691686
222,15,1328.358653,29,2315.349219,6,1232.732815,24,136272.6183,18,311152.182,3,13415.78473,8,1644.976371
223,4,59145.66713,1,18692.29659,3,271.1353385,5,93613.34336,1,33171.85853,0,,3,11.26543745
224,0,,0,,0,,0,,0,,0,,0,
225,0,,0,,0,,0,,0,,0,,0,
226,0,,0,,0,,0,,0,,0,,0,
227,0,,0,,0,,0,,0,,0,,0,
228,0,,0,,0,,0,,0,,0,,0,
229,0,,0,,0,,0,,0,,0,,0,
230,0,,0,,0,,0,,0,,0,,0,
231,0,,0,,0,,0,,0,,0,,0,
232,0,,0,,0,,0,,0,,0,,0,
233,0,,0,,0,,0,,0,,0,,0,
234,0,,0,,0,,0,,0,,0,,0,
235,0,,0,,0,,0,,0,,0,,0,
236,0,,0,,0,,0,,0,,0,,0,
237,0,,0,,0,,0,,0,,0,,0,
238,0,,0,,0,,0,,0,,0,,0,
239,128,731276.8947,113,153856.7873,67,2218.131329,129,552917.7556,117,1145225.996,8,1399.984235,35,17281.61638
240,82,679958.5248,74,41375.24822,107,134593.8459,80,56132.43643,40,226945.7692,45,427313.2418,47,14566.71622
241,82,935231.1148,34,1737.765581,79,384391.9125,82,964795.6534,35,2366.215235,34,176262.3537,48,17962.58897
242,149,182958.8765,12,61811.32512,102,8795.767267,151,2261516.317,5,5292.355472,12,2896.264923,91,39889.62864
243,102,171178.148,67,1838.124565,146,163444.2952,108,895918.7468,29,13522.73848,95,93127.64856,79,2585.469939
244,35,21549.52968,172,751169.3375,168,2354744.516,29,11265.94713,108,761295.7796,184,157452.5612,82,1919.983158
245,46,32768.94858,84,754458.9537,20,53186.49747,73,35271.25593,81,1118773.672,14,8346.647191,9,2345.264992
246,30,284217.7426,0,,21,6689.452462,30,37964.28412,0,,0,,11,3138.127876
247,0,,0,,0,,0,,0,,0,,0,
248,0,,0,,0,,0,,0,,0,,0,
249,0,,0,,0,,0,,0,,0,,0,
250,0,,0,,0,,0,,0,,0,,0,
251,0,,0,,0,,0,,0,,0,,0,
252,0,,0,,0,,0,,0,,0,,0,
253,1,369.5552464,1,2187.48377,0,,1,859.5929275,1,13256.25743,1,116.2976195,0,
254,0,,0,,0,,0,,0,,0,,0,
255,0,,0,,0,,0,,0,,0,,0,
256,0,,0,,0,,0,,0,,0,,0,
257,0,,0,,0,,0,,0,,0,,0,
258,0,,0,,0,,0,,0,,0,,0,
259,1,162.2358693,1,13368.86359,0,,1,231.2579558,1,4421.612297,0,,0,
260,30,174.9595268,54,562428.2565,16,17684.67344,21,549.4841142,54,567134.5385,10,17645.48858,0,
261,5,4378.489533,12,56861.78792,20,218177.9355,5,1673.743618,12,6155.345174,20,244367.7316,8,846.1899929
262,14,169.4755287,27,32772.29898,36,693624.2519,2,482.9189239,23,22316.83859,36,52199.95887,17,6269.682242
263,113,141557.7638,37,6418.379378,95,72267.3434,113,13326.88852,26,85867.79258,40,522473.59,63,2149.919646
264,125,1394932.572,59,779774.1449,72,19498.46895,127,1947.635251,78,844946.1839,24,259173.9652,71,2853.368978
265,63,1292.111649,96,1154876.858,50,3795.824867,78,49464.89476,97,155545.7639,1,381.8679525,4,896.6158313
266,32,31756.67949,78,5332.852942,96,697975.3885,73,7854.488586,56,364812.5215,35,225115.7448,12,2246.542186
267,66,223248.8725,88,65358.43773,41,46654.36776,54,289417.2333,71,648424.7239,31,26767.38644,22,5327.224142
268,102,128793.7496,37,3251.348767,67,321448.4156,108,1138924.332,37,31368.57936,22,398444.9287,56,2214.27954
269,6,2826.977134,14,4159.342852,30,338334.3732,13,4821.714989,10,2988.782756,28,3362.423993,5,97.83279886
270,0,,0,,0,,0,,0,,0,,0,
271,0,,0,,0,,0,,0,,0,,0,
272,0,,0,,0,,0,,0,,0,,0,
273,0,,0,,0,,0,,0,,0,,0,
274,0,,0,,0,,0,,0,,0,,0,
275,0,,0,,0,,0,,0,,0,,0,
276,0,,0,,0,,0,,0,,0,,0,
277,0,,0,,0,,0,,0,,0,,0,
278,0,,0,,0,,0,,0,,0,,0,
279,0,,0,,0,,0,,0,,0,,0,
280,0,,0,,0,,0,,0,,0,,0,
281,0,,0,,0,,0,,0,,0,,0,
282,11,215358.6595,0,,4,1535.748546,12,239798.9512,2,6272.871749,0,,8,3313.198587
283,34,214149.7967,40,446.4977115,17,5798.723342,39,189879.9612,45,55196.3554,9,262.2886412,11,698.2834292
284,14,91441.45285,82,114977.488,115,1153949.512,12,7278.97631,23,84449.96572,110,1125971.342,43,2327.256825
285,87,935637.3655,70,47146.64424,144,1216536.967,83,767357.8815,38,26965.43431,86,9911.981995,67,2158.462572
286,27,234678.3563,73,4997.444472,139,128686.7824,26,234366.6997,57,36198.61159,129,1465477.968,61,16875.57647
287,28,49198.92624,56,51317.15282,32,27762.67713,58,57997.35426,107,126362.4726,93,87886.84668,20,4821.444586
288,47,147365.1145,71,654744.5853,87,43177.93168,51,427375.8927,34,9777.653714,60,628732.6975,23,5616.141448
289,53,768182.2255,42,22223.18532,84,14897.13448,44,441357.4812,20,226711.4263,2,946.8567222,36,16279.47654
290,92,118827.3766,157,16847.94141,65,47856.81213,60,69479.52786,106,11621.55632,28,41712.72734,6,1676.596457
291,135,1181323.933,91,139929.757,80,295717.6488,98,814494.6963,13,2675.577732,31,357942.4537,65,27367.33156
292,12,146565.4437,9,3293.135659,46,478242.1215,16,8457.356162,20,875.2852269,45,736428.9394,21,7788.876474
293,0,,0,,0,,0,,0,,0,,0,
294,0,,0,,0,,0,,0,,0,,0,
295,0,,0,,0,,0,,0,,0,,0,
296,0,,0,,0,,0,,0,,0,,0,
297,0,,0,,0,,0,,0,,0,,0,
298,0,,0,,0,,0,,0,,0,,0,
299,0,,0,,0,,0,,0,,0,,0,
300,0,,0,,0,,0,,0,,0,,0,
301,0,,0,,0,,0,,0,,0,,0,
302,0,,0,,0,,0,,0,,0,,0,
303,0,,1,123.595239,1,6476.925213,0,,0,,1,6862.269698,0,
304,0,,0,,0,,0,,0,,0,,0,
305,57,68841.13455,2,19295.57478,26,9216.393775,59,681853.5293,21,26786.96951,1,145.7389524,38,156.2394424
306,90,9488.684822,38,25643.88962,42,15123.29376,90,142516.5782,34,268454.6789,1,371.7981537,52,23557.25313
307,53,57468.3228,114,133184.3372,57,124691.7269,70,67469.4874,111,114128.8411,15,118472.9597,10,3233.927292
308,40,14166.79954,59,64775.72859,23,6734.831292,53,149765.9327,58,63935.76479,3,452.4747989,8,2324.517989
309,59,35824.73727,55,574622.8212,44,349371.1539,66,31676.93313,57,524948.3343,29,33292.83636,21,838.2271995
310,61,33673.76789,107,1283967.784,33,187428.8887,55,23239.36475,106,191658.2537,27,137196.5345,6,164.9818811
311,66,24562.48262,59,83759.27242,32,117.1251252,44,193812.4727,55,57151.47939,21,128888.6355,18,549.915174
312,35,324585.9295,4,68463.92533,19,7586.619329,93,28132.73666,126,1723113.864,60,179439.324,25,698.8998163
313,117,71628.66587,89,126731.3995,47,4966.196637,128,713811.3676,105,1187332.141,28,57851.53351,43,13315.27158
314,74,4785.454254,87,1249867.243,30,33822.14449,20,31817.44274,29,341852.585,12,35613.46186,15,679.8924735
315,98,1743139.353,4,9853.889644,5,46376.91517,6,3312.91537,4,12995.17589,5,7226.189598,61,35273.11251
316,1,1551.221217,1,343.6484588,2,1276.711342,0,,1,29.67142857,2,221.652422,0,
317,0,,0,,0,,0,,0,,0,,0,
318,0,,0,,0,,0,,0,,0,,0,
319,0,,0,,0,,0,,0,,0,,0,
320,0,,0,,0,,0,,0,,0,,0,
321,0,,0,,0,,0,,0,,0,,0,
322,0,,0,,0,,0,,0,,0,,0,
323,0,,0,,0,,0,,0,,0,,0,
324,0,,0,,1,15597.86735,0,,0,,1,26815.96846,0,
325,1,67.99886267,3,8322.313298,2,27116.51129,1,283.8549745,2,1815.327828,2,22521.22146,0,
326,0,,0,,0,,0,,1,136.4383245,0,,0,
327,1,214.4615381,1,6542.989888,0,,0,,1,6993.392496,0,,0,
328,1,11951.65991,0,,1,139.6956927,1,391.7224828,0,,0,,0,
329,2,1371.583154,6,11238.47465,3,563.4424985,2,126.6527442,6,67588.47696,0,,0,
330,66,413593.1692,51,399755.4583,76,47921.73122,64,392782.6858,59,596234.983,49,454779.5654,43,13469.42894
331,37,982.9981481,104,522744.3555,83,873248.6735,41,11582.82864,103,57988.71276,109,889435.6976,43,12612.87382
332,4,24199.19697,67,176795.7782,148,19763.82415,40,36133.45883,64,155693.3433,155,1562833.559,78,216.6455552
333,39,3396.364692,44,316.2721391,93,1239518.456,35,28886.31176,26,22378.86626,72,942194.7752,51,1832.998333
334,45,212868.5562,42,73372.41892,72,578151.7637,34,217126.4938,47,11745.65985,101,1233838.544,40,1168.957986
335,71,75273.45468,1,378.673488,28,978.2617538,64,614938.4771,39,181121.9427,69,88647.54468,73,25248.87382
336,93,371839.2257,107,148461.67,18,834.4141446,33,347292.2295,7,62749.69279,2,661.4253577,17,5965.168387
337,24,2998.517245,33,616763.3442,25,29785.76531,35,448893.2132,28,14274.38146,12,15433.62721,7,244.4291217
338,42,171148.4676,74,63715.96795,66,124152.4935,56,85675.39835,31,25868.12163,8,9915.564652,11,2938.996653
339,2,1449.434182,8,8618.187224,7,42778.62427,1,13.54761948,2,2268.314887,4,26158.71332,2,4.164965989
340,0,,0,,0,,0,,0,,0,,0,
341,0,,0,,0,,0,,0,,0,,0,
342,0,,0,,0,,0,,0,,0,,0,
343,0,,0,,0,,0,,0,,0,,0,
344,0,,0,,0,,0,,0,,0,,0,
345,0,,0,,0,,0,,0,,0,,0,
346,0,,0,,0,,0,,0,,0,,0,
347,0,,0,,0,,0,,0,,0,,0,
348,0,,0,,0,,0,,0,,0,,0,
349,0,,0,,0,,0,,0,,0,,0,
350,0,,2,615.4579644,2,988.2991765,0,,0,,2,6238.551693,0,
351,0,,0,,0,,0,,0,,0,,0,
352,14,8542.493485,19,41541.73159,8,4953.782567,9,447.3333815,19,489753.8939,0,,0,
353,94,372625.4145,98,193262.1282,37,1159.279745,83,32375.81349,96,1354241.473,1,675.3439489,22,6577.15725
354,108,1454.33899,8,9259.172263,97,32531.68898,106,1227467.398,13,147.3815551,26,28432.67262,80,32614.62122
355,25,3156.781257,38,57451.94,90,76459.41337,41,263315.1132,34,68952.19948,73,674743.5277,50,14543.11782
356,95,93442.45993,45,58721.14127,65,254796.3193,94,1894.485122,7,52539.46259,18,27135.54554,63,27471.74917
357,5,7284.59135,15,931.8726781,39,44896.16436,24,14339.55185,47,691118.4642,53,441325.6114,15,577.143176
358,21,148494.9556,1,153.1931425,1,518.4498529,33,17874.61545,55,78666.43758,33,19825.36936,7,2237.129843
359,67,83656.16766,22,228217.8359,0,,2,1158.632572,2,4755.547572,2,593.9287817,26,15125.36571
360,17,185377.1823,1,18.76194762,10,21295.64623,12,19321.32732,75,498574.5186,84,787445.9228,48,17968.5198
361,26,18958.72968,36,664474.9627,36,4669.688689,46,427687.7168,8,53789.58515,10,9856.162227,6,1662.517522
362,3,195.2679519,6,93975.32647,6,1345.431412,0,,1,1314.244529,2,599.4966286,2,367.2136656
363,0,,0,,0,,0,,0,,0,,0,
364,0,,0,,0,,0,,0,,0,,0,
365,0,,0,,0,,0,,0,,0,,0,
366,0,,0,,0,,0,,0,,0,,0,
367,0,,0,,0,,0,,0,,0,,0,
368,0,,0,,0,,0,,0,,0,,0,
369,0,,0,,0,,0,,0,,0,,0,
370,0,,0,,0,,0,,0,,0,,0,
371,1,6527.697252,1,19.14285714,3,22846.81928,1,5641.635579,1,177.9166667,3,24619.23373,2,313.3632996
372,0,,0,,0,,0,,0,,0,,0,
373,0,,0,,0,,0,,0,,0,,0,
374,0,,1,1811.241244,0,,1,196.7389524,1,3545.991416,0,,1,296.6388596
375,3,98.85257892,5,2633.631668,3,1783.377838,0,,4,18917.34133,2,18179.52767,1,271.6576273
376,66,395773.7915,39,473286.832,23,9823.123527,56,448932.2374,37,425456.4929,12,889.3689893,22,632.9447729
377,62,738666.2756,9,418.9346544,52,163388.6243,62,677982.1289,3,425.5287837,16,151538.6857,40,9996.434632
378,26,41118.32971,83,3496.892178,142,1442511.47,60,37591.87665,41,3354.748376,127,1531463.978,48,1755.376599
379,83,4927.965854,140,183542.1269,73,62142.19178,86,46783.8533,129,115234.6555,94,525189.8574,17,4231.614983
380,27,27934.68554,46,375384.2764,36,16838.67318,42,28649.17926,61,622971.9497,50,25246.74684,12,2942.296244
381,7,79158.21612,0,,1,43.99875974,15,1699.763533,28,24478.19693,28,28644.87426,9,4195.712625
382,46,528175.8428,8,134291.337,4,5945.988753,4,1327.281376,13,165436.28,6,28181.43822,23,992.8942665
383,5,1322.867976,7,53269.55839,7,27318.53266,39,1458.682142,87,578231.3648,76,438957.2566,10,2334.114762
384,33,866717.6847,37,243394.2142,11,44315.44655,37,95939.87116,69,596196.4168,61,463666.1363,31,19514.58464
385,64,139799.6825,49,77636.29684,6,37188.1929,2,728.6996824,1,255.6785714,5,447.8412187,46,24669.61697
386,0,,0,,0,,0,,0,,0,,0,
387,0,,0,,0,,0,,0,,0,,0,
388,0,,0,,0,,0,,0,,0,,0,
389,0,,0,,0,,0,,0,,0,,0,
390,0,,0,,0,,0,,0,,0,,0,
391,0,,0,,0,,0,,0,,0,,0,
392,0,,0,,0,,0,,0,,0,,0,
393,0,,1,579.5877415,0,,1,281.4791599,1,3298.318478,0,,0,
394,0,,0,,0,,0,,0,,0,,0,
395,0,,0,,0,,0,,0,,0,,0,
396,0,,0,,0,,0,,0,,0,,0,
397,0,,0,,0,,0,,0,,0,,0,
398,7,3784.23733,7,6982.428527,2,3115.749917,2,918.3285357,7,2399.356619,6,462.2997664,1,346.767844
399,12,18265.38873,14,2331.584743,3,5576.471512,3,18784.27444,14,62683.66823,9,4431.475394,2,338.2976195
400,33,384828.5473,48,16751.99136,88,734698.1469,33,17324.75291,42,73662.26533,83,89697.13914,32,14864.93675
401,41,449.9621998,16,615.7744835,21,255473.9986,39,83583.55735,28,98112.98929,21,179634.2889,22,13283.23664
402,27,247698.5311,19,65699.46125,37,28563.14249,42,5466.862573,43,13158.64293,42,289779.6456,32,14655.18942
403,0,,3,2531.111323,4,19723.63775,0,,17,4176.983922,35,41614.75563,11,2123.938146
404,0,,0,,1,17262.51178,0,,16,5157.68967,33,57646.32957,16,3842.53736
405,0,,1,217.1336694,17,25978.98371,35,14866.59823,2,982.3571429,6,6716.716321,3,573.5579512
406,7,12757.78142,26,11521.67865,59,453253.2195,45,592845.5543,44,389547.1618,34,343326.9586,8,2364.783653
407,35,39539.3562,49,4447.382243,83,1971.947762,37,61918.76833,27,162484.3232,12,31872.37149,19,753.6226582
408,28,344516.7158,10,126117.8174,36,125888.1169,6,3493.511338,24,114676.2272,37,491394.4269,25,6172.616412
409,1,524.3176936,2,24863.6462,2,5761.223943,2,332.1511611,3,13569.53465,3,1343.878689,0,
410,0,,0,,0,,0,,0,,0,,0,
411,0,,0,,0,,0,,0,,0,,0,
412,0,,0,,0,,0,,0,,0,,0,
413,0,,0,,0,,0,,0,,0,,0,
414,0,,0,,0,,0,,0,,0,,0,
415,0,,0,,0,,0,,0,,0,,0,
416,0,,0,,0,,0,,0,,0,,0,
417,0,,0,,0,,0,,0,,0,,0,
418,0,,0,,0,,0,,0,,0,,0,
419,8,96135.1867,0,,6,3898.744945,8,151873.5226,0,,0,,7,2875.546989
420,1,8535.441316,1,15.8895239,1,514.1184718,1,1672.253653,0,,0,,1,55.87796976
421,17,6771.864495,53,47397.17217,33,4247.278267,15,5338.996217,49,65844.49558,23,564186.2117,13,311.4273632
422,29,2987.245696,60,94244.22265,29,36541.64868,1,9663.367959,53,19475.65613,58,626371.8971,8,1128.938672
423,15,34712.55389,21,239452.4472,0,,4,23291.92152,20,63134.39645,15,53957.45458,2,53.43822575
424,30,572516.5713,3,156321.6644,0,,25,9562.752312,25,134486.6228,2,41432.84277,18,1369.352532
425,21,22644.9853,0,,0,,18,4314.545668,16,4592.785855,1,54.38846448,13,7481.461516
426,1,1392.591664,0,,1,59.44761948,1,15289.49287,1,38.17857143,4,18624.98952,3,864.1898976
427,0,,2,842.6492576,2,62968.78565,0,,8,375.6355644,18,44816.48987,5,21.65158739
428,0,,1,297.7817595,8,13223.36195,6,239839.2714,3,266.9634595,5,87518.49795,4,1519.229666
429,4,2896.483768,16,23473.31632,37,34248.98268,26,369362.3112,2,13162.91818,7,77376.28463,2,491.7517417
430,12,13266.42494,62,1655.28333,101,1198161.468,75,551896.5773,22,138843.8517,15,8431.624494,7,1774.953778
431,8,36773.69446,51,145418.748,43,159789.4157,26,32389.59824,71,71676.19698,58,681848.6823,17,542.8479876
432,0,,2,235.8288339,9,38634.91855,0,,5,2181.96712,9,126234.4733,3,92.41398272
433,0,,0,,0,,0,,0,,0,,0,
434,0,,0,,0,,0,,0,,0,,0,
435,0,,0,,0,,0,,0,,0,,0,
436,0,,0,,0,,0,,0,,0,,0,
437,0,,0,,0,,0,,0,,0,,0,
438,0,,0,,0,,0,,0,,0,,0,
439,0,,0,,0,,0,,0,,0,,0,
440,0,,0,,0,,0,,0,,0,,0,
441,0,,0,,0,,0,,0,,0,,0,
442,100,12353.41524,24,1397.832912,66,64134.24367,102,1654953.637,1,2918.368728,3,23799.37454,61,29791.51433
443,83,69577.82944,59,156286.5881,30,3599.797438,75,643892.7284,59,1887225.515,0,,28,12975.61911
444,7,4887.962169,31,1947.556291,37,485432.6657,3,4962.924777,22,24133.43799,34,542639.5168,18,514.4822758
445,5,377.1871183,36,73712.82613,61,885775.8462,0,,27,2695.654366,64,99113.22143,31,13656.67292
446,16,7888.457561,53,4466.383858,43,65447.37168,12,8976.263573,51,112949.9848,65,565846.5248,17,3892.426742
447,6,55964.94564,1,628.3746128,2,1546.316136,6,19185.16823,6,15764.29467,1,1247.634223,1,92.58413671
448,6,69394.62443,3,2642.667882,7,11115.29468,6,753.8358847,2,764.4889524,3,57243.49543,3,1751.876712
449,0,,1,1877.12716,2,58859.37162,0,,1,674.3928571,3,52726.64775,2,1286.855246
450,7,4966.752796,15,23146.73664,0,,7,346.5284523,19,249637.6839,8,9164.437522,2,1492.478228
451,20,19575.24363,34,377572.4652,10,16737.6118,35,373785.3245,43,43899.72612,16,11838.12835,2,439.7338827
452,18,15381.63424,38,5827.964355,19,17778.8528,13,4958.338938,28,336.291974,24,9244.644587,3,1165.576446
453,10,37214.94672,57,16852.16852,90,12192.23924,20,28674.86362,16,85319.79429,13,6576.632498,4,1894.698393
454,0,,37,837.7424697,32,18744.99467,21,8347.629556,50,517438.3996,29,455189.186,9,1432.138247
455,4,22367.41665,6,19956.64813,39,134714.3929,7,32491.84756,22,6678.474883,35,6398.541588,4,13.18279356
456,0,,0,,0,,0,,0,,0,,0,
457,0,,0,,0,,0,,0,,0,,0,
458,0,,0,,0,,0,,0,,0,,0,
459,0,,0,,0,,0,,0,,0,,0,
460,0,,0,,0,,0,,0,,0,,0,
461,0,,0,,0,,0,,0,,0,,0,
462,0,,0,,0,,0,,0,,0,,0,
463,0,,0,,0,,0,,0,,0,,0,
464,0,,0,,0,,0,,0,,0,,0,
465,2,12236.94397,1,136.8458363,1,168.2965595,2,16159.3974,0,,0,,1,486.2389524
466,21,114.9414788,39,48746.55379,0,,22,9328.931464,39,52844.16118,1,367.2949993,0,
467,0,,0,,0,,0,,0,,0,,0,
468,0,,14,5794.141437,24,4889.869828,0,,7,2864.949222,24,299551.8924,11,3149.247319
469,1,24.97314571,33,24756.37126,41,531225.4486,7,355.7299714,18,8495.625588,41,36339.92596,23,5865.695356
470,1,484.6395239,1,16375.33125,0,,1,27.95238952,1,11582.78727,0,,0,
471,11,52418.43442,28,112428.8582,39,637273.4278,7,48861.48112,21,1896.875793,37,364464.878,1,2914.942697
472,13,25554.32863,15,191155.5246,11,37847.36452,12,16276.77686,14,17919.39677,13,49441.22746,4,164.1948819
473,4,3969.926789,14,151569.9288,0,,6,3227.198715,14,135983.8292,0,,0,
474,4,169.6496296,6,8774.959918,0,,5,1484.313666,6,5837.472147,1,194.4874752,0,
475,37,7689.121142,53,476726.617,18,58837.2575,27,39838.88384,56,421252.2696,20,37122.43833,3,1786.419666
476,10,423.6421336,67,1472.26332,100,762387.1463,19,3886.926925,56,118549.8575,93,7849.622646,22,7434.684134
477,3,2111.785635,51,13556.24184,57,41274.77128,28,8362.966443,48,433235.8193,65,386893.7497,11,2124.46376
478,6,14298.74714,26,12379.96464,9,42436.71724,16,2784.625336,21,372113.6584,10,3947.124927,4,755.8887595
479,1,2447.815776,0,,0,,1,1183.569865,0,,0,,0,
480,0,,0,,0,,0,,0,,0,,0,
481,0,,0,,0,,0,,0,,0,,0,
482,0,,0,,0,,0,,0,,0,,0,
483,0,,0,,0,,0,,0,,0,,0,
484,0,,0,,0,,0,,0,,0,,0,
485,0,,0,,0,,0,,0,,0,,0,
486,0,,0,,0,,0,,0,,0,,0,
487,0,,0,,0,,0,,0,,0,,0,
488,0,,0,,0,,0,,0,,0,,0,
489,23,174454.6587,25,15178.19542,19,33568.93793,24,14175.33623,17,124263.4588,10,234.966396,11,4929.92549
490,25,248351.1894,33,2954.489512,9,4546.861439,27,191692.6883,21,241474.1692,0,,11,6179.787493
491,28,15871.17375,43,61498.84146,24,2431.588724,22,7666.881733,43,44742.74993,23,213.1371628,0,
492,14,898.6544618,24,271337.7187,24,462294.1232,5,198.6654264,14,122278.9137,24,2525.568359,8,3179.659146
493,8,2166.358159,23,16748.93867,30,78786.17495,1,289.2981917,10,2131.257625,30,345957.7883,19,4388.756814
494,12,1156.163929,22,19941.45937,26,69759.63241,16,7539.85462,3,681.5189289,25,28237.32373,9,2261.622756
495,10,4189.839694,16,1852.587749,7,3514.277395,10,3387.922785,16,141595.837,0,,0,
496,13,81692.87611,0,,5,789.2115752,13,7185.766872,0,,0,,6,121.1274183
497,6,62165.56461,1,76.57142857,4,1127.792295,6,49272.58718,4,2153.828572,0,,3,186.8786911
498,88,165265.7832,2,2443.856574,52,35597.37333,87,86772.79566,38,9162.691225,2,13754.62634,49,18586.3236
499,62,194211.2163,84,834871.4882,29,63655.2996,53,171323.3418,81,845975.1359,10,66159.31397,11,3789.961384
500,32,21674.27844,81,67882.49345,32,4523.289481,20,22396.79558,79,4886.668536,6,11499.39977,0,
501,23,1286.655138,34,438637.8227,26,25221.66495,1,77.37619476,32,7856.66784,2,468.1334365,0,
502,1,146.3571429,2,2843.954874,1,234.2725812,2,354.5448924,2,5511.598752,2,312.8595616,0,
503,0,,0,,0,,0,,0,,0,,0,
504,17,13738.99858,21,223475.4889,13,581.8918718,5,17265.73194,21,66189.52853,0,,3,183.7921322
505,3,828.9258147,3,33247.24233,2,985.2967324,0,,2,8414.426557,0,,0,
506,0,,0,,0,,0,,0,,0,,0,
507,0,,0,,0,,0,,0,,0,,0,
508,0,,0,,0,,0,,0,,0,,0,
509,0,,0,,0,,0,,0,,0,,0,
510,0,,0,,0,,0,,0,,0,,0,
511,0,,0,,0,,0,,0,,0,,0,
512,11,7255.369458,24,222497.3747,22,27112.57965,10,4467.621599,24,22344.38281,22,235348.4126,5,1887.478797
513,85,847442.7589,70,548311.5734,50,73656.11743,81,799867.6944,39,478979.8523,14,5731.534645,38,1929.913219
514,91,529894.2896,88,78878.58159,64,27283.94728,81,455571.2252,83,635252.4631,30,313415.2729,39,17516.69912
515,6,272.4957425,26,11963.21327,40,467136.5397,2,3358.733365,19,1151.491296,39,474653.9431,16,4335.363345
516,19,7173.461242,22,11239.14134,32,4741.465924,16,4824.447366,12,424.6516254,33,36837.29356,14,3229.637137
517,29,99597.73227,40,11658.11315,5,6788.765745,21,11461.84548,38,477137.879,5,3284.612722,2,795.8249487
518,20,85536.79556,56,18385.56215,60,88443.38557,17,6475.228558,49,164558.1937,55,56734.45274,33,8279.839746
519,128,929353.5699,79,558521.7932,60,263746.4248,126,81528.37756,56,428.1377834,28,264663.3636,66,27241.19218
520,47,682877.5956,42,1129.719652,82,519213.9256,60,425174.3589,39,1627.969694,58,626363.9422,53,292.3418646
521,67,73225.34776,62,3675.683665,139,111569.4613,66,667393.8473,47,18417.77672,107,747264.3146,82,28978.678
522,92,782354.7742,51,162358.8394,46,14986.25382,88,619666.1176,26,132786.9575,1,246.3441258,49,21625.34848
523,31,62224.42426,37,337826.1793,9,3889.447429,22,64737.46671,38,289456.4664,9,2884.653162,0,
524,20,2465.967842,47,356417.7416,32,21791.17995,1,17574.97472,29,47493.17779,20,23588.57438,8,1393.929286
525,1,11861.32196,9,1286.517224,10,9722.434473,2,15355.42248,1,3385.673862,7,24297.39547,2,542.2561598
526,0,,0,,0,,0,,0,,0,,0,
527,0,,0,,0,,0,,0,,0,,0,
528,8,215.9555773,9,68153.84712,3,127.2484744,0,,9,17632.82615,0,,0,
529,0,,0,,0,,0,,0,,0,,0,
530,0,,0,,0,,0,,0,,0,,0,
531,0,,0,,0,,0,,0,,0,,0,
532,0,,0,,0,,0,,0,,0,,0,
533,0,,0,,0,,0,,0,,0,,0,
534,0,,14,7646.245962,19,375974.1185,0,,11,2475.884412,19,22321.4195,11,2215.582789
535,3,878.2749589,11,28583.22573,17,26969.37667,0,,11,2334.41569,17,23251.334,8,1771.552966
536,81,578234.3372,71,652793.2322,79,384369.7183,65,564354.7319,71,58234.99483,35,321359.8791,43,15434.42976
537,113,137683.6465,21,9464.955298,108,29479.39768,111,1199124.749,15,7238.364589,28,259669.5618,66,2964.282827
538,3,1349.688872,53,524.3827537,81,112265.977,0,,45,31598.33343,79,142283.5117,30,7723.929838
539,1,142.3957722,17,16685.42338,17,145398.7576,0,,16,24792.43746,17,13436.48683,9,286.295719
540,32,9194.183162,37,1131.847559,9,2794.838644,24,955.431749,36,386393.8269,6,1513.11237,0,
541,34,19797.59583,100,659874.2876,89,94253.21365,35,1865.947465,80,479388.2868,98,886361.5285,40,1284.44235
542,49,3694.499912,117,129116.9748,75,544818.7254,45,31.71212682,109,82796.53262,84,715577.7227,27,5837.353565
543,14,4279.328157,103,156844.9451,134,132571.1697,34,12631.37592,83,29674.11974,141,1461867.249,47,1688.895585
544,45,23531.25867,15,1969.747449,42,2548.179724,46,33197.98158,12,12139.14672,39,19451.47823,20,5976.824815
545,19,134756.2839,7,92732.41134,13,4419.622999,21,2627.279564,18,68168.12397,0,,8,1968.359814
546,59,545352.9567,38,263283.5116,22,223.2517763,61,65839.34967,45,362959.117,14,4468.368848,18,9948.66968
547,1,6833.366327,26,51561.523,30,513378.6711,1,3194.369476,3,14483.67372,30,76385.63741,11,2785.377339
548,2,897.5638866,18,37243.53634,36,43247.36761,0,,2,6852.645617,33,6818.151993,10,215.1755712
549,0,,1,163.1428571,5,57595.88962,0,,0,,3,596.2553452,2,1462.326912
550,0,,1,52.44776164,2,19793.59553,0,,1,349.4198286,2,2428.937665,1,238.2389524
551,0,,0,,0,,0,,0,,0,,0,
552,0,,0,,0,,0,,0,,0,,0,
553,0,,0,,0,,0,,0,,0,,0,
554,0,,0,,0,,0,,0,,0,,0,
555,0,,0,,0,,0,,0,,0,,0,
556,0,,0,,0,,0,,0,,0,,0,
557,15,3565.436719,15,5772.174574,34,459641.1614,0,,9,2661.866435,34,38265.12238,20,7469.5928
558,10,2153.821113,16,6729.331818,14,12733.21755,1,166.8556788,13,7473.683975,14,1285.266562,4,66.71268536
559,35,4993.754534,58,954556.9176,18,6733.173367,40,3586.54558,58,786416.5475,0,,1,876.2254522
560,7,58333.96786,6,49994.32338,8,153.1899466,7,63476.85544,5,34891.46186,5,4447.897295,3,152.5819574
561,0,,5,13982.64189,10,479939.9267,1,861.3333333,6,642.5492663,10,22465.89823,2,723.9123452
562,11,65391.12434,26,154236.1363,19,188266.8826,10,8649.727777,24,28913.31149,19,38586.6325,12,3695.768662
563,65,72949.54982,29,118867.8227,42,1876.985283,58,512327.7135,31,549681.1755,9,5522.586734,27,139.593454
564,90,95364.54236,85,986595.7974,50,84421.34265,88,68678.56863,85,146324.2215,14,6772.926979,25,16965.47922
565,88,14218.62552,106,933883.8143,23,19747.44992,85,255719.2463,107,129793.28,18,65593.2179,11,2.555344519
566,17,12552.61651,27,88642.11784,72,692811.7236,17,229563.7586,46,9695.833296,66,51751.24526,29,5824.282362
567,16,1396.429297,29,412451.8657,16,97814.61867,12,5972.881683,27,219696.2252,8,692.4167998,4,1153.821238
568,20,987.5266593,51,523279.2447,15,4816.739264,26,1875.143359,51,464174.4619,0,,0,
569,6,918.3992998,13,18359.45278,6,2453.458586,9,16439.47622,13,1137.62629,2,495.1545254,0,
570,5,261.9133563,13,8824.543515,17,133125.4231,7,2254.291212,8,98827.91919,16,22668.14265,4,51.87776452
571,1,5649.414427,14,5267.497228,20,299473.4249,1,29735.26377,0,,19,5267.416544,3,378.2188988
572,6,2554.211596,4,43.79635614,13,116162.8489,6,12442.54892,0,,5,38869.78463,0,
573,0,,3,1318.713879,6,55768.41526,0,,2,415.7898958,5,2224.364336,0,
574,0,,0,,0,,0,,0,,0,,0,
575,0,,0,,0,,0,,0,,0,,0,
576,0,,0,,0,,0,,0,,0,,0,
577,0,,0,,0,,0,,0,,0,,0,
578,0,,0,,0,,0,,0,,0,,0,
579,0,,0,,0,,0,,0,,0,,0,
580,1,159.7914175,6,2211.768576,11,351414.4437,0,,1,142.8571429,10,118127.9284,4,948.7493799
581,0,,0,,0,,0,,0,,0,,0,
582,1,23.55269312,1,5574.463174,0,,0,,1,5628.463852,0,,0,
583,0,,0,,0,,0,,0,,0,,0,
584,82,991541.9735,16,42169.78421,63,82578.28987,81,988613.8271,13,659.2665636,22,221533.4326,69,2997.434895
585,37,52643.92999,103,35112.77862,159,85215.35683,26,516382.7455,72,49689.33425,146,1955.252384,83,26232.61633
586,69,758558.1493,33,135594.7422,46,125589.8146,69,5755.257382,23,264454.9235,16,224575.5359,47,21992.78559
587,137,974698.2877,16,14124.1155,107,25334.81914,141,1783417.554,17,173194.3468,2,146.294339,34,2559.344211
588,79,51881.28756,36,8551.353527,103,829711.2991,83,792871.8848,20,75673.51873,51,517655.8388,68,13213.27619
589,55,66983.63482,2,124.9238551,43,83275.26747,57,86552.33639,0,,8,53547.82845,36,1458.146425
590,1,14928.72546,32,11346.56177,37,397877.3222,1,2227.339422,32,79449.24182,36,25577.99176,8,29.95128452
591,0,,12,15559.81863,12,17243.77239,1,1343.482414,12,6875.339968,12,76765.43817,5,899.1858882
592,20,92452.88696,22,38428.36644,16,5786.629511,18,58896.63586,22,182665.4646,10,2258.975573,0,
593,19,6485.869341,8,74999.69517,18,94833.12398,20,27412.88979,6,4514.489499,11,1173.96493,5,94.83759643
594,17,54711.97242,1,415.8634516,10,6326.269646,16,313584.9795,1,2855.552449,0,,0,
595,4,21113.16116,5,2656.845572,11,76395.59627,5,12615.73872,0,,8,1579.434852,3,184.532896
596,41,172575.7353,6,288.9652643,36,77229.1867,39,853386.3399,0,,7,13674.14395,5,2745.629117
597,0,,0,,0,,0,,0,,0,,0,
598,0,,0,,0,,0,,0,,0,,0,
599,0,,0,,0,,0,,0,,0,,0,
600,0,,0,,0,,0,,0,,0,,0,
601,0,,0,,0,,0,,0,,0,,0,
602,0,,0,,0,,0,,0,,0,,0,
603,0,,0,,0,,0,,0,,0,,0,
604,0,,0,,0,,0,,0,,0,,0,
605,0,,0,,0,,0,,0,,0,,0,
606,95,3357.731297,98,16792.35965,37,1981.121244,92,32173.22673,96,1345955.242,29,1358.748599,18,6716.651135
607,148,1963441.554,16,186292.7366,94,62396.95467,141,2571855.778,37,243662.1862,8,27212.31439,95,5864.133575
608,107,75976.93915,98,1742.464999,112,815216.5788,103,123443.723,87,158915.6819,82,819726.5914,60,2658.145996
609,67,118347.7956,45,26884.92815,93,7988.195422,67,68256.82223,27,13194.76327,63,686435.4877,68,32482.37687
610,36,41676.39722,43,38988.54195,85,12955.29548,86,616881.514,4,1349.132432,59,219158.4135,41,276.4993943
611,22,62399.99515,83,35579.42734,162,158478.1983,51,361436.4582,41,1672.226394,137,92321.62144,58,13284.11971
612,0,,4,1785.487984,4,89342.21492,0,,2,231.6395239,4,51937.92618,3,936.3446742
613,3,47495.79836,0,,3,97.56724476,3,3879.917427,0,,0,,2,69.29683828
614,19,95533.81979,9,9558.224771,11,3611.914812,19,114621.8722,9,743.9834116,5,128.8799978,3,463.5491665
615,49,628154.2145,21,53711.38583,49,35864.59624,35,35632.7559,3,2771.417412,26,3826.531623,23,995.9546618
616,19,12789.54683,14,6477.864419,19,173693.7687,2,11869.89566,1,289.9523895,18,238337.463,5,1289.866366
617,1,1155.771962,0,,1,897.35729,1,52322.93645,0,,0,,0,
618,7,34775.36197,0,,5,392.3914438,8,155884.4833,0,,0,,0,
619,2,8546.312335,0,,1,481.4399795,2,28962.23876,0,,0,,0,
620,0,,0,,0,,0,,0,,0,,0,
621,0,,0,,0,,0,,0,,0,,0,
622,0,,0,,0,,0,,0,,0,,0,
623,0,,0,,0,,0,,0,,0,,0,
624,0,,0,,0,,0,,0,,0,,0,
625,0,,0,,0,,0,,0,,0,,0,
626,0,,0,,0,,0,,0,,0,,0,
627,0,,0,,0,,0,,0,,0,,0,
628,0,,0,,0,,0,,0,,0,,0,
629,19,8116.525646,39,453428.2763,0,,18,9941.394258,38,61632.93346,5,288.8911514,0,
630,19,763.3423753,23,33487.9168,3,1446.783675,21,7541.841723,23,454647.4764,4,1518.582688,2,1261.463376
631,54,33843.89564,82,1328236.699,11,251.9337772,48,3517.252819,81,1628395.982,4,1912.616966,0,
632,7,23323.56142,43,12929.1177,79,9841.917537,20,18894.89748,37,11373.41522,79,1256444.257,32,122.9791774
633,50,899586.8316,26,8679.186757,54,36477.3758,58,71555.84686,6,4468.777757,20,386571.599,41,22254.84924
634,66,194767.5751,90,13514.47622,40,425993.4657,71,236298.4687,72,782588.8786,32,161134.7686,22,996.7296627
635,136,86887.24746,114,2148842.414,46,1384.572575,126,62321.91389,114,1613998.942,2,1391.845242,36,1768.932182
636,6,6423.19866,0,,4,1154.734127,6,4938.697765,0,,0,,4,98.52919946
637,96,8222.227288,37,97736.75528,63,9714.559326,97,694546.2919,36,128186.8222,6,64744.52966,37,12218.38598
638,25,3724.662583,23,4987.481946,57,394833.5761,22,195382.3182,15,2372.452978,41,526819.7314,17,5441.356447
639,11,64711.59427,30,776.7623559,65,51845.49892,8,66754.74888,13,2731.518858,62,68159.48656,19,3937.134819
640,23,86125.24286,0,,15,7395.975116,25,335116.1374,0,,0,,2,1267.619476
641,24,324.9593819,2,535.4166667,8,6956.458944,22,217354.7877,0,,1,856.7944691,12,6625.732162
642,10,226288.2492,3,635.5589368,0,,11,43579.96662,0,,0,,7,7399.377396
643,0,,0,,0,,0,,0,,0,,0,
644,0,,0,,0,,0,,0,,0,,0,
645,0,,0,,0,,0,,0,,0,,0,
646,0,,0,,0,,0,,0,,0,,0,
647,0,,0,,0,,0,,0,,0,,0,
648,0,,0,,0,,0,,0,,0,,0,
649,0,,0,,0,,0,,0,,0,,0,
650,0,,0,,0,,0,,0,,0,,0,
651,0,,0,,0,,0,,0,,0,,0,
652,0,,0,,0,,0,,0,,0,,0,
653,0,,0,,0,,0,,0,,0,,0,
654,0,,13,14194.27487,15,66789.96267,0,,11,5699.314778,15,6486.183895,0,
655,0,,32,1227.861139,42,6646.613899,0,,21,6257.572714,42,81572.17349,3,11.97851321
656,68,346351.3874,74,138466.6161,34,196273.6912,60,21578.73121,73,856841.5647,19,18115.66117,13,1158.388188
657,68,2621.242955,156,932734.655,180,223386.1375,50,15396.97833,139,671847.9374,183,1615565.284,69,17821.52959
658,137,82273.24422,139,1576692.341,85,73724.99165,130,682893.5127,133,1177127.727,82,6438.895679,58,18511.15285
659,0,,0,,0,,0,,0,,0,,0,
660,4,287.4835594,4,678.2863213,4,1815.222899,4,1996.639465,3,6138.291816,0,,2,375.9885995
661,7,95744.98634,6,1973.912529,5,11487.83996,7,5898.519599,6,13497.12652,1,1237.844983,6,332.9944393
662,69,887774.8987,5,1173.984156,50,193895.6663,71,182991.6477,4,1134.64657,15,171252.1138,46,21597.86566
663,39,477318.3624,12,2836.862151,10,4482.517484,39,311169.5347,0,,0,,18,1884.323673
664,51,942327.7187,5,418.6111384,0,,48,18261.99334,0,,0,,32,18232.13318
665,57,5469.214838,41,37112.7353,0,,55,1217.131872,26,52657.64264,13,6319.738593,22,11191.65179
666,18,183747.3772,5,121.2835714,12,5466.756415,18,22431.15454,0,,0,,11,3484.131766
667,0,,0,,0,,0,,0,,0,,0,
668,0,,0,,0,,0,,0,,0,,0,
669,0,,0,,0,,0,,0,,0,,0,
670,0,,0,,0,,0,,0,,0,,0,
671,0,,0,,0,,0,,0,,0,,0,
672,0,,0,,0,,0,,0,,0,,0,
673,0,,0,,0,,0,,0,,0,,0,
674,0,,0,,0,,0,,0,,0,,0,
675,0,,0,,0,,0,,0,,0,,0,
676,8,278.1758217,12,11196.28695,10,416.2588791,7,2774.978247,12,14619.49994,0,,0,
677,33,14963.93437,76,79874.5864,13,7344.836782,36,1536.878816,76,13712.22162,0,,0,
678,53,324746.7787,43,452413.6511,15,4518.18932,48,267496.9593,42,623397.5818,27,12344.15111,12,7642.958814
679,114,1486675.864,61,432369.4982,123,646447.1642,111,1137924.314,53,316874.8684,51,86944.69635,80,36789.93473
680,35,13689.96687,136,3321.78855,168,226483.1382,12,4277.65433,96,328535.8659,165,265797.2132,77,24239.34295
681,40,448.9826481,61,332766.1968,97,858651.8627,41,59546.31297,52,2381.369323,82,8672.774775,54,19218.77987
682,34,11747.93218,49,611987.6648,1,142.3959869,27,1258.477827,49,624689.4885,13,4787.893175,0,
683,16,6213.793272,27,23351.9913,0,,13,4951.429371,28,27864.65198,9,2584.368789,0,
684,11,19397.18669,0,,1,31.3835933,11,31533.84361,0,,0,,6,479.3265775
685,7,4435.511352,0,,4,1596.756889,7,67822.63469,0,,0,,1,225.7857143
686,18,175557.4263,23,8265.745747,28,268964.2632,18,39853.85647,7,2598.992228,28,265798.4374,23,872.5625192
687,23,2824.225311,53,413746.2333,46,398473.4485,17,1341.471974,42,5195.115513,43,47664.12639,11,4546.885925
688,99,621821.9958,93,86582.82587,46,341.6936687,91,688333.5266,76,15883.96537,20,21315.56368,28,11377.63799
689,49,423289.5315,21,553.1446376,33,17512.85483,48,499229.2228,0,,1,5495.728843,29,8933.232638
690,0,,0,,0,,0,,0,,0,,0,
691,0,,0,,0,,0,,0,,0,,0,
692,0,,0,,0,,0,,0,,0,,0,
693,0,,0,,0,,0,,0,,0,,0,
694,0,,0,,0,,0,,0,,0,,0,
695,0,,0,,0,,0,,0,,0,,0,
696,0,,0,,0,,0,,0,,0,,0,
697,0,,0,,0,,0,,0,,0,,0,
698,0,,0,,0,,0,,0,,0,,0,
699,3,1384.829739,6,56986.95954,6,1492.249349,6,1416.683898,6,74584.68495,0,,0,
700,128,758872.1147,84,869741.1652,76,2845.584344,121,1133293.529,81,133413.9188,1,389.828863,39,9934.617179
701,164,121487.2315,146,133426.9513,115,22627.63954,164,1835542.761,119,177523.6826,37,178428.3272,66,32449.99422
702,56,622615.5913,74,32459.83282,98,8622.56326,43,519783.1568,50,371293.4211,88,987722.8398,41,19516.53844
703,45,97293.82875,77,679669.5516,70,673732.869,35,151934.8373,67,159298.5822,53,862848.3361,23,7277.844864
704,57,611224.4282,28,161989.9924,53,142133.5293,56,91722.67344,35,26928.22575,16,182635.9641,36,1678.737628
705,14,38346.48149,21,188117.9499,1,1444.296888,18,73666.13788,22,25647.36867,0,,0,
706,3,396.9227893,3,5725.346565,0,,3,453.1454568,3,73192.86519,0,,0,
707,68,423523.273,49,58713.41458,3,621.8974752,62,492725.6226,49,719167.5229,0,,16,627.911126
708,72,843153.4549,0,,31,1452.631792,71,13786.84197,0,,0,,30,13163.68693
709,3,294.6647319,25,9133.299292,51,546147.137,4,23837.52974,13,627.7619393,47,65867.38722,18,5799.85147
710,7,2156.949943,39,1626.231466,46,44651.32565,4,921.6458263,22,168933.8573,50,821698.5683,27,988.9771219
711,15,236881.2162,2,25335.63612,10,6133.562932,14,281771.5492,2,22475.72454,1,421.2983461,13,7658.583176
712,17,25122.81974,0,,12,4527.31139,17,181981.2992,0,,0,,15,52.13423356
713,0,,0,,0,,0,,0,,0,,0,
714,0,,0,,0,,0,,0,,0,,0,
715,0,,0,,0,,0,,0,,0,,0,
716,0,,0,,0,,0,,0,,0,,0,
717,0,,0,,0,,0,,0,,0,,0,
718,0,,0,,0,,0,,0,,0,,0,
719,0,,0,,0,,0,,0,,0,,0,
720,0,,0,,0,,0,,0,,0,,0,
721,0,,0,,0,,0,,0,,0,,0,
722,0,,0,,0,,0,,0,,0,,0,
723,16,337112.2868,0,,13,61.22281464,16,351726.6751,0,,0,,8,7969.541844
724,58,742745.6233,1,238.4285714,30,16579.86163,58,153743.2642,0,,1,2939.592526,41,2868.43443
725,68,145868.6347,10,99819.55471,44,4984.18373,69,1448874.245,10,15549.46547,3,17757.62765,44,26792.45482
726,117,772442.8115,95,128372.5782,32,19549.76947,118,187187.6948,95,16183.42168,1,187.2749467,35,1729.895275
727,87,154776.5718,1,217.3664158,49,22766.26575,87,1284692.344,0,,1,15.25,58,2763.278128
728,40,27345.7862,19,231249.9281,18,1147.489447,38,395212.5394,20,299248.999,1,1674.762469,15,82.4786822
729,0,,0,,0,,0,,0,,0,,0,
730,4,7332.139567,6,466.1737439,5,57393.23798,3,12651.53285,6,545.7578647,5,48898.39558,2,154.6194762
731,5,47412.75872,23,15353.12577,44,635868.3231,5,7223.135469,26,1276.486612,43,536876.5214,19,6867.519969
732,5,92225.76374,19,974.3668839,31,428559.9923,5,73249.37122,12,3979.952676,29,322147.9542,12,616.1895725
733,63,1291341.262,0,,51,26455.65266,63,833496.9574,0,,2,638.597966,44,33848.31486
734,60,93941.55544,27,3277.554821,40,13319.49424,61,58219.17592,1,25942.29989,2,455.9141755,42,24785.63644
735,0,,0,,0,,0,,0,,0,,0,
736,0,,0,,0,,0,,0,,0,,0,
737,0,,0,,0,,0,,0,,0,,0,
738,0,,0,,0,,0,,0,,0,,0,
739,0,,0,,0,,0,,0,,0,,0,
740,0,,0,,0,,0,,0,,0,,0,
741,0,,0,,0,,0,,0,,0,,0,
742,0,,0,,0,,0,,0,,0,,0,
743,0,,0,,0,,0,,0,,0,,0,
744,0,,0,,0,,0,,0,,0,,0,
745,0,,0,,0,,0,,0,,0,,0,
746,0,,0,,0,,0,,0,,0,,0,
747,0,,0,,0,,0,,0,,0,,0,
748,0,,0,,0,,0,,0,,0,,0,
749,0,,0,,0,,0,,0,,0,,0,
750,0,,0,,0,,0,,0,,0,,0,
751,0,,0,,0,,0,,0,,0,,0,
752,0,,0,,0,,0,,0,,0,,0,
753,0,,0,,0,,0,,0,,0,,0,
754,0,,10,181.2948474,15,4128.797265,0,,5,1293.849952,16,257548.9659,10,3293.365561
755,1,27.48936369,13,893.5266968,24,4663.316153,1,265.3459185,4,936.1547527,24,255866.9843,10,2748.184475
756,32,52684.54589,28,82194.5452,56,455252.295,33,39115.17253,21,74882.94537,45,328796.4391,37,1484.323426
757,118,77345.48312,173,2588566.87,37,16975.84815,117,7644.129918,174,192273.8524,58,2377.889899,1,257.3214286
758,0,,0,,0,,0,,0,,0,,0,
759,0,,0,,0,,0,,0,,0,,0,
760,0,,0,,0,,0,,0,,0,,0,
761,0,,0,,0,,0,,0,,0,,0,
762,0,,0,,0,,0,,0,,0,,0,
763,0,,0,,0,,0,,0,,0,,0,
764,0,,0,,0,,0,,0,,0,,0,
765,0,,0,,0,,0,,0,,0,,0,
766,0,,0,,0,,0,,0,,0,,0,
767,0,,0,,0,,0,,0,,0,,0,
768,0,,0,,0,,0,,0,,0,,0,
769,0,,0,,0,,0,,0,,0,,0,
770,0,,0,,0,,0,,0,,0,,0,
771,0,,0,,0,,0,,0,,0,,0,
772,0,,0,,0,,0,,0,,0,,0,
773,0,,0,,0,,0,,0,,0,,0,
774,0,,0,,0,,0,,0,,0,,0,
775,0,,0,,0,,0,,0,,0,,0,
776,0,,0,,0,,0,,0,,0,,0,
777,0,,0,,0,,0,,0,,0,,0,
778,0,,8,5676.351576,14,24884.52713,0,,8,1714.375168,14,127846.7262,8,1935.359659
779,0,,0,,0,,0,,0,,0,,0,
780,1,77.78571429,2,12759.49193,0,,1,112.8895239,2,12197.94793,0,,0,
781,0,,0,,0,,0,,0,,0,,0,
782,0,,0,,0,,0,,0,,0,,0,
